match,result,injured,yellow-card,red-card,scores
AFC Bournemouth:Liverpool FC,5:4,Neto;D. Nunez,M. Salah;Thiago,K. Moore,Neto:5.6,Jack Stephens:4.7,R. Fredericks:8.4,I. Zabarnyi:9.9,M. Vina:7.9,M. Senesi:6.7,L. Cook:4.5,M. Tavernier:7.4,E. Pollock:6.5,Daniel Adu-Adjei:8.6,D. Sadi:6.4,K. Moore:9.9,D. Brooks:9.6,Caoimhin Kelleher:7.9,I. Konate:9.4,K. Tsimikas:7.8,Nathaniel Phillips:5.8,V. Van Dijk:9.8,Stefan Bajcetic:8.6,Thiago:8.6,Curtis Jones:7.7,C. Gakpo:5.5,Firmino:7.4,D. Nunez:6.7,M. Salah:4.6
Man. City:Leicester City,2:4,Rodri,Sammy Braybrooke;Tete,P. Daka,Ederson:7.4,S. Gomez:8.5,Ruben Dias:8.4,A. Laporte:8.5,N. Ake:9.7,M. Akanji:9.4,I. Gundogan:5.7,P. Foden:6.8,Maximo Perrone:5.8,Rodri:4.9,J. Grealish:8.6,E. Haaland:7.6,R. Mahrez:4.5,D. Ward:7.7,W. Faes:8.7,Ricardo Pereira:6.6,T. Castagne:5.9,Jannik Vestergaard:6.6,W. Ndidi:7.8,Kiernan Dewsbury-Hall:5.4,Y. Tielemans:4.4,Sammy Braybrooke:6.5,Tete:4.4,J. Vardy:8.6,P. Daka:7.7
Manchester United:Leeds United,3:2,,Nathan Bishop;M. Sabitzer;S. Dallas;Diogo Monteiro,,Nathan Bishop:4.5,Phil Jones:5.5,V. Lindelof:7.6,Rhys Bennett:5.7,H. Maguire:7.8,M. Sabitzer:6.5,C. Eriksen:6.4,D. Van De Beek:8.9,Casemiro:5.5,F. Pellistri:8.8,M. Rashford:7.8,Alejandro Garnacho:7.7,Joel Robles:8.7,R. Koch:5.8,S. Dallas:7.6,Junior Firpo:9.6,Diogo Monteiro:7.6,W. Mckennie:5.6,Darko Gyabi:7.5,Archie Gray:9.7,J. Harrison:9.8,Crysencio Summerville:8.4,Patrick Bamford:6.4
Newcastle United:Fulham FC,0:1,A. Saint-Maximin,,,M. Dubravka:9.5,P. Dummett:8.4,E. Krafth:9.4,S. Botman:5.7,F. Schar:8.7,Matthew Longstaff:6.7,B. Guimaraes:5.6,M. Ritchie:9.8,E. Anderson:8.6,A. Saint-Maximin:6.5,A. Gordon:7.4,A. Isak:5.5,C. Wilson:4.4,George Wickens:9.8,Antonee Robinson:4.8,T. Ream:4.9,Tosin Adarabioyo:7.5,Stefan Parkes:7.7,S. Duffy:5.8,Luke Harris:5.7,Matthew Dibley:6.9,Kristian Sekularac:8.8,Daniel James:4.8,Terry Ablade:6.4,M. Solomon:6.9
Nottingham Forest:Everton FC,5:0,Keylor Navas;Y. Mina,Giulian Biancone;Alex Iwobi,S. McKenna;A. Doucoure,Keylor Navas:8.4,Omar Richards:4.5,S. McKenna:4.9,S. Aurier:5.9,Felipe:5.4,Giulian Biancone:6.6,R. Yates:7.4,R. Freuler:7.9,M. Gibbs-White:9.8,Orel Mangala:6.4,S. Surridge:7.7,E. Dennis:8.5,B. Johnson:7.5,A. Lonergan:7.5,Reece Welch:8.7,Nathan Patterson:7.7,J. Tarkowski:7.8,Y. Mina:6.9,C. Coady:4.4,A. Doucoure:5.6,Alex Iwobi:5.5,Tom Davies:4.6,I. Gueye:9.9,Andros Townsend:5.9,E. Simms:5.7,Demarai Gray:9.7
Southampton FC:Crystal Palace,2:1,R. Perraud,D. Caleta-Car;Romeo Lavia;Owen Goodman,Nathan Ferguson,G. Bazunu:5.4,R. Perraud:7.9,D. Caleta-Car:7.6,Tino Livramento:8.8,Juan Larios:5.9,Ainsley Maitland:9.5,Romeo Lavia:7.4,S. Armstrong:5.4,J. Ward-Prowse:7.9,Samuel Edozie:6.9,Theo Walcott:6.8,M. Elyounoussi:8.4,Owen Goodman:7.4,N. Clyne:7.9,Nathan Ferguson:6.9,Kayden Rodney:6.5,J. Ward:9.8,Marc Guehi:4.6,William Hughes:5.6,Jack Wells-Morrison:6.5,Jeffrey Schlupp:6.6,Jairo Riedewald:5.7,Jean Mateta:5.9,O. Edouard:8.7,J. Ayew:6.9
Tottenham Hotspur:Chelsea FC,4:2,Pedro Porro;Kepa,Pedro Porro;P. Aubameyang;Kepa,Emerson Royal,F. Forster:5.9,Pedro Porro:5.5,George Abbott:9.8,Japhet Tanganga:6.9,Emerson Royal:5.7,D. Sanchez:6.8,Oliver Skipp:9.9,Pape Sarr:8.4,R. Sessegnon:6.8,Pierre-Emile Hojbjerg:8.6,Lucas Moura:5.7,A. Danjuma:9.8,D. Kulusevski:9.7,Kepa:8.9,Reece James:4.6,K. Koulibaly:5.6,Thiago Silva:4.4,Ben Chilwell:5.4,Trevoh Chalobah:4.8,Harvey Vale:6.5,N. Kante:8.9,Lewis Hall:5.4,Noni Madueke:8.9,P. Aubameyang:7.4,Omari Hutchinson:8.4
West Ham United:Brighton FC,5:0,,,D. Rice,L. Fabianski:4.5,V. Coufal:9.4,Angelo Ogbonna:8.7,Kurt Zouma:5.7,A. Cresswell:4.5,F. Downes:7.7,Kaelan Casey:6.6,P. Fornals:6.6,D. Rice:7.4,M. Antonio:9.9,Gnaly Cornet:7.8,Danny Ings:4.6,Thomas Mcgill:9.5,P. Estupinan:8.8,Jan Van Hecke:7.8,L. Dunk:7.4,Adam Webster:4.7,F. Buonanotte:9.8,Jeremy Sarmiento:5.9,S. March:4.6,Evan Ferguson:4.7,D. Undav:9.4,Danny Welbeck:6.4,K. Mitoma:9.9
Wolves:Brentford FC,4:5,Matheus Nunes,C. Dawson;M. Roerslev;T. Crama,R. Ait-Nouri;M. Roerslev,D. Bentley:6.7,Joseph Hodge:7.6,Hugo Bueno:8.4,C. Dawson:6.5,R. Ait-Nouri:4.8,Harvey Griffiths:5.5,Joao Moutinho:5.5,Matheus Nunes:8.4,Ruben Neves:4.8,S. Kalajdzic:7.7,Hee-Chan Hwang:8.8,Matheus Cunha:8.9,Chiquinho:5.4,M. Cox:7.7,B. Mee:6.5,E. Pinnock:7.4,M. Roerslev:4.7,R. Henry:8.6,T. Crama:8.7,S. Ghoddos:6.6,V. Janelt:4.4,Y. Wissa:8.6,B. Mbeumo:7.4,M. Damsgaard:7.9,K. Schade:5.4
Arsenal FC:Aston Villa,0:3,,Matthew Smith;B. Saka;B. Kamara,Ethan Nwaneri;Kadan Young,A. Ramsdale:8.7,O. Zinchenko:7.9,K. Tierney:6.5,W. Saliba:5.9,Matthew Smith:8.8,Gabriel Magalhaes:9.7,B. Saka:9.4,Smith Rowe:7.5,Ethan Nwaneri:5.4,Gabriel Jesus:4.9,L. Trossard:8.4,Reiss Nelson:6.5,Edward Nketiah:8.8,R. Olsen:5.9,M. Cash:8.6,Travis Patterson:8.5,Alex Moreno:4.7,Diego Carlos:9.8,L. Dendoncker:7.8,B. Kamara:9.4,Tommi O'reilly:8.9,J. Mcginn:7.9,Kadan Young:6.7,J. Duran:6.4,B. Traore:5.6
