match,result,injured,yellow-card,red-card,scores
AFC Bournemouth:Chelsea FC,2:4,Trevoh Chalobah,R. Fredericks;Harvey Vale,R. Fredericks;P. Aubameyang,D. Randolph:8.8,Jack Stephens:4.4,R. Fredericks:4.9,L. Kelly:9.6,Jack Stacey:6.5,J. Zemura:6.9,J. Lerma:7.6,L. Cook:4.4,M. Tavernier:4.6,D. Brooks:9.8,J. Anthony:5.4,A. Semenyo:6.6,K. Moore:5.5,Gabriel Slonina:4.8,Trevoh Chalobah:7.8,Thiago Silva:9.8,W. Fofana:4.6,M. Cucurella:5.9,C. Azpilicueta:4.8,D. Zakaria:8.6,M. Kovacic:7.4,N. Kante:5.8,Harvey Vale:7.9,Omari Hutchinson:7.4,R. Sterling:6.5,David Fofana:8.8,P. Aubameyang:8.7
Crystal Palace:Brighton FC,2:4,Levi Colwill,J. Ward,A. Lokonga,Owen Goodman:5.4,Kayden Rodney:9.5,Nathan Ferguson:5.6,Marc Guehi:4.5,J. Tomkins:6.9,J. Ward:6.6,William Hughes:6.8,C. Doucoure:7.4,A. Lokonga:8.5,O. Edouard:5.4,W. Zaha:9.6,J. Ayew:8.4,J. Steele:9.9,J. Veltman:7.6,Oddel Offiah:8.4,T. Lamptey:4.4,Levi Colwill:9.9,L. Dunk:5.6,Yasin Ayari:8.8,Jeremy Sarmiento:7.9,S. March:7.4,Andrew Moran:4.5,Danny Welbeck:7.9,D. Undav:7.5,Julio Enciso:5.8,K. Mitoma:9.6
Everton FC:Brentford FC,5:2,Andros Townsend,Nathan Patterson;V. Mykolenko;T. Strakosha;K. Lewis-Potter,Alex Iwobi;C. Norgaard,A. Lonergan:5.5,Y. Mina:7.9,B. Godfrey:5.6,V. Mykolenko:7.7,Nathan Patterson:5.6,Reece Welch:5.6,Kyle John:5.8,Tom Davies:7.4,Alex Iwobi:5.5,I. Gueye:5.5,N. Maupay:5.7,Andros Townsend:8.7,Dominic Calvert-Lewin:7.6,D. McNeil:5.9,T. Strakosha:4.4,F. Stevens:8.7,K. Ajer:7.7,B. Mee:8.9,M. Roerslev:6.8,C. Norgaard:4.9,S. Ghoddos:8.8,V. Janelt:4.7,Y. Wissa:9.7,K. Schade:9.8,K. Lewis-Potter:4.4,B. Mbeumo:8.5
Fulham FC:Aston Villa,3:2,,B. Leno;Harry Wilson;P. Coutinho,,B. Leno:8.4,I. Diop:9.9,T. Ream:6.9,Charlie Robinson:8.9,Tosin Adarabioyo:7.4,S. Duffy:4.7,B. Reid:8.4,A. Pereira:7.6,T. Cairney:6.5,Harry Wilson:9.6,Martial Godo:8.4,N. Kebano:9.6,Willian:7.8,James Wright:8.6,A. Young:8.4,C. Chambers:6.9,Alex Moreno:4.4,E. Konsa:7.5,Douglas Luiz:5.9,J. Ramsey:4.8,L. Dendoncker:7.6,J. Duran:7.9,B. Traore:7.7,P. Coutinho:6.9,E. Buendia:6.7
Leeds United:Arsenal FC,3:2,Brenden Aaronson,R. Kristensen;B. White,,Joel Robles:7.4,R. Koch:8.5,R. Kristensen:8.4,Junior Firpo:8.5,Liam Cooper:8.9,Archie Gray:5.9,W. Mckennie:7.9,Brenden Aaronson:8.9,Georginio Rutter:6.5,Sam Greenwood:4.5,Sonny Perkins:4.4,A. Ramsdale:6.9,B. White:5.7,Rob Holding:8.6,Jakub Kiwior:7.9,Reuell Walters:9.5,W. Saliba:8.8,Amario Cozier:8.5,Ethan Nwaneri:4.8,G. Xhaka:8.5,M. Odegaard:5.5,Gabriel Jesus:6.5,L. Trossard:4.6,Edward Nketiah:9.6
Leicester City:Wolves,4:4,Joao Moutinho,D. Ward,,D. Ward:8.9,V. Kristiansen:9.9,C. Soyuncu:7.7,Jannik Vestergaard:6.7,Joe Wormleighton:4.7,D. Praet:7.5,W. Ndidi:8.9,J. Maddison:4.4,Kiernan Dewsbury-Hall:9.6,K. Iheanacho:6.8,Tete:5.8,Harvey Barnes:7.5,D. Bentley:6.7,M. Kilman:4.6,Jonny:7.6,Joseph Hodge:5.6,Hugo Bueno:8.9,N. Collins:8.8,M. Lemina:6.4,Joao Moutinho:6.6,Matheus Nunes:6.7,Boubacar Traore:5.8,Chiquinho:9.4,D. Podence:8.5,A. Traore:8.6
Liverpool FC:West Ham United,2:4,,K. Tsimikas;Ben Doak;Divin Mubama,Ben Doak,Caoimhin Kelleher:8.7,A. Robertson:8.5,Calvin Ramsay:8.5,J. Matip:4.9,K. Tsimikas:9.4,Ben Doak:4.6,N. Keita:7.5,H. Elliott:9.7,Curtis Jones:9.6,M. Salah:9.4,C. Gakpo:5.4,Diogo Jota:7.9,Joseph Anang:5.6,B. Johnson:9.8,N. Aguerd:8.6,T. Kehrer:6.6,V. Coufal:6.7,Angelo Ogbonna:9.9,Kaelan Casey:6.6,L. Paqueta:4.4,F. Downes:8.8,P. Fornals:9.7,Divin Mubama:7.5,J. Bowen:7.9,Danny Ings:5.8,S. Benrahma:9.8
Man. City:Tottenham Hotspur,1:5,Ruben Dias,Rico Lewis;P. Foden,Rodri,S. Carson:6.7,A. Laporte:8.5,Ruben Dias:6.4,K. Walker:8.4,B. Mendy:6.6,Rico Lewis:7.4,C. Palmer:5.7,Maximo Perrone:8.8,Rodri:6.6,P. Foden:8.7,R. Mahrez:7.4,J. Grealish:6.7,Benjamin Knight:8.6,E. Haaland:6.4,Alfie Whiteman:4.6,C. Lenglet:6.5,C. Romero:5.5,Japhet Tanganga:6.8,Pedro Porro:9.9,D. Sanchez:4.4,Romaine Mundle:7.9,Oliver Skipp:6.9,Alfie Devine:4.6,Y. Bissouma:4.6,Heung-Min Son:6.6,D. Kulusevski:4.9,H. Kane:6.6
Manchester United:Southampton FC,3:1,L. Shaw;P. Onuachu,G. Bazunu;Ainsley Maitland,M. Greenwood;Kyle Walker-Peters,T. Heaton:9.8,Rhys Bennett:9.6,Teden Mengi:6.8,L. Shaw:7.9,R. Varane:9.5,D. Van De Beek:8.7,Casemiro:5.7,Zidane Iqbal:6.8,W. Weghorst:6.7,Antony:8.9,M. Greenwood:7.4,A. Elanga:5.7,G. Bazunu:4.8,Lyanco:7.5,James Bree:7.6,Kyle Walker-Peters:7.6,M. Salisu:6.7,J. Bednarek:4.6,Romeo Lavia:8.7,Ainsley Maitland:6.4,S. Armstrong:8.9,J. Ward-Prowse:8.5,Moussa Djenepo:5.9,M. Elyounoussi:5.7,Samuel Edozie:4.7,P. Onuachu:9.8
Newcastle United:Nottingham Forest,0:1,S. Cook,M. Almiron;Matt Targett;R. Yates,J. Murphy,L. Karius:7.9,Matt Targett:7.9,J. Manquillo:6.5,J. Lascelles:9.5,Harrison Ashby:5.7,M. Ritchie:9.9,S. Longstaff:5.8,Matthew Longstaff:7.8,M. Almiron:9.4,A. Gordon:6.9,J. Murphy:6.7,A. Saint-Maximin:7.4,Ryan Fraser:5.9,George Shelvey:5.6,Renan Lodi:7.7,Omar Richards:4.8,N. Williams:9.9,S. Cook:4.7,S. Aurier:5.8,R. Yates:5.5,J. Lingard:8.9,H. Arter:4.4,E. Dennis:6.8,Alexander Mighten:4.7,A. Ayew:6.8,Chris Wood:7.6
