match,result,injured,yellow-card,red-card,scores
Newcastle United:AFC Bournemouth,2:1,R. Fredericks,J. Lascelles,Matthew Longstaff;D. Brooks,Nick Pope:5.9,P. Dummett:6.8,S. Botman:9.5,J. Lascelles:5.8,F. Schar:4.7,M. Ritchie:6.8,Joe Willock:5.4,Matthew Longstaff:8.8,Ryan Fraser:9.6,C. Wilson:5.7,A. Saint-Maximin:8.4,A. Gordon:4.4,D. Randolph:4.9,I. Zabarnyi:6.4,R. Fredericks:9.9,C. Mepham:7.5,J. Zemura:5.4,M. Vina:9.4,J. Lerma:9.4,P. Billing:9.5,E. Pollock:8.7,M. Tavernier:7.6,D. Brooks:8.4,J. Stanislas:7.5,A. Semenyo:4.4,Michael Dacosta:8.9
Manchester United:Nottingham Forest,2:4,Rhys Bennett,B. Johnson,,T. Heaton:8.7,Marc Jurado:8.4,V. Lindelof:5.7,Rhys Bennett:8.5,H. Maguire:5.4,Fred:9.4,Casemiro:5.5,Zidane Iqbal:5.9,Antony:9.7,A. Martial:5.4,F. Pellistri:6.4,George Shelvey:4.4,Giulian Biancone:9.4,M. Niakhate:8.8,W. Boly:6.8,Renan Lodi:7.4,R. Freuler:7.7,Cafu:4.7,C. Kouyate:6.5,J. Colback:8.5,E. Dennis:5.8,Lyle Taylor:5.9,Chris Wood:7.5,B. Johnson:6.4
Man. City:Southampton FC,2:0,K. De Bruyne,B. Mendy;James Bree;M. Salisu,,Ederson:4.5,N. Ake:8.4,Rico Lewis:5.5,B. Mendy:5.4,A. Laporte:4.7,Maximo Perrone:8.5,P. Foden:7.4,K. De Bruyne:4.5,J. Alvarez:8.8,Benjamin Knight:4.8,E. Haaland:6.8,W. Caballero:6.9,M. Salisu:5.8,D. Caleta-Car:5.8,James Bree:8.7,Juan Larios:5.8,Lyanco:7.4,Ainsley Maitland:9.6,Ibrahima Diallo:9.9,J. Ward-Prowse:6.6,Theo Walcott:4.7,K. Sulemana:7.8,Che Adams:6.8
Liverpool FC:Tottenham Hotspur,1:1,C. Romero,Heung-Min Son;A. Danjuma,Lucas Moura,Adrian:4.7,Nathaniel Phillips:5.9,Alexander-Arnold:5.4,V. Van Dijk:9.8,K. Tsimikas:8.9,J. Matip:6.6,N. Keita:6.6,Stefan Bajcetic:8.6,Arthur Henrique:6.8,Fabinho:9.7,Firmino:7.4,L. Diaz:8.4,C. Gakpo:9.4,D. Nunez:6.4,Brandon Austin:6.9,Emerson Royal:7.4,Japhet Tanganga:6.7,C. Romero:9.5,C. Lenglet:6.4,B. Davies:8.7,Romaine Mundle:4.9,Matthew Craig:7.6,Y. Bissouma:8.7,A. Danjuma:8.7,Heung-Min Son:5.8,Lucas Moura:7.6,Richarlison:5.9
Leicester City:West Ham United,0:3,Emerson,Tete;Lewis Brunt;A. Areola,Tete;P. Fornals,Daniel Iversen:9.7,Jonathan Evans:9.6,Joe Wormleighton:6.9,Lewis Brunt:7.4,Harry Souttar:4.4,D. Praet:5.4,W. Ndidi:6.5,J. Maddison:5.6,Sammy Braybrooke:4.8,Tete:5.4,P. Daka:8.6,J. Vardy:8.9,A. Areola:4.4,N. Aguerd:8.6,Emerson:8.6,T. Kehrer:5.8,Kurt Zouma:7.4,A. Cresswell:6.8,T. Soucek:9.5,D. Rice:9.7,P. Fornals:6.7,Divin Mubama:5.5,G. Scamacca:5.7,S. Benrahma:9.9
Leeds United:Wolves,3:2,J. Harrison;D. Podence,J. Harrison;Marc Roca;Dexter Lembikisa,Liam Cooper;A. Traore,Joel Robles:9.5,P. Struijk:8.5,Liam Cooper:6.5,R. Koch:9.5,Diogo Monteiro:7.4,Luke Ayling:7.5,Marc Roca:4.6,Archie Gray:8.9,Adam Forshaw:5.4,Darko Gyabi:4.8,L. Sinisterra:5.9,Crysencio Summerville:8.9,J. Harrison:6.5,Jose Sa:8.8,Toti Gomes:8.6,C. Dawson:5.7,Dexter Lembikisa:8.5,Jonny:4.8,Harvey Griffiths:9.6,Joao Gomes:7.7,Boubacar Traore:5.8,Pedro Neto:4.9,D. Podence:9.8,A. Traore:7.6
Fulham FC:Arsenal FC,1:5,,,I. Diop;Reiss Nelson,M. Rodak:5.6,T. Ream:4.6,Stefan Parkes:8.5,Cedric Soares:4.7,Tosin Adarabioyo:6.9,I. Diop:4.8,B. Reid:8.7,Luke Harris:7.6,S. Lukic:5.7,Kristian Sekularac:5.5,Martial Godo:8.4,M. Solomon:5.9,Daniel James:8.7,Karl Hein:5.8,Gabriel Magalhaes:6.6,O. Zinchenko:4.8,B. White:6.7,Reuell Walters:7.5,Takehiro Tomiyasu:6.6,M. Odegaard:9.8,B. Saka:7.8,Fabio Vieira:6.8,Amario Cozier:4.9,Edward Nketiah:8.9,L. Trossard:6.8,Reiss Nelson:7.4,Martinelli:9.6
Everton FC:Aston Villa,0:0,Reece Welch,James Garner,Andros Townsend,A. Lonergan:4.7,J. Tarkowski:7.8,V. Mykolenko:5.4,Nathan Patterson:4.6,M. Keane:9.7,Reece Welch:5.9,A. Onana:4.9,Alex Iwobi:5.7,Kyle John:7.7,James Garner:8.9,D. McNeil:6.7,E. Simms:8.9,Andros Townsend:4.8,Oliwier Zych:5.4,C. Chambers:4.4,L. Digne:7.6,T. Mings:8.4,Alex Moreno:9.4,Sebastian Revan:9.9,L. Dendoncker:9.4,Douglas Luiz:8.6,J. Mcginn:4.6,P. Coutinho:6.9,L. Bailey:5.4,B. Traore:8.4,Kadan Young:5.6
Crystal Palace:Brentford FC,5:0,,Nathan Ferguson;J. Tomkins;M. Jensen,,Joe Whitworth:5.5,N. Clyne:4.6,J. Ward:5.9,J. Andersen:4.5,Nathan Ferguson:9.5,J. Tomkins:5.4,A. Lokonga:7.4,Jeffrey Schlupp:7.6,Jack Wells-Morrison:9.4,O. Edouard:9.5,W. Zaha:8.7,Jean Mateta:7.6,J. Ayew:6.8,D. Raya:5.7,M. Roerslev:6.9,P. Jansson:8.6,F. Stevens:9.9,B. Mee:9.4,R. Trevitt:4.7,M. Jensen:8.5,V. Janelt:6.7,O. Onyeka:5.7,B. Mbeumo:5.4,K. Lewis-Potter:4.9,K. Schade:4.6
Chelsea FC:Brighton FC,4:4,H. Ziyech;Levi Colwill,Thomas Mcgill,Trevoh Chalobah;Jeremy Sarmiento,Gabriel Slonina:6.9,Reece James:6.7,Ben Chilwell:7.9,W. Fofana:8.9,Trevoh Chalobah:6.6,K. Havertz:5.7,Conor Gallagher:4.6,H. Ziyech:7.6,A. Broja:5.6,Joao Felix:7.7,David Fofana:9.8,Thomas Mcgill:8.6,T. Lamptey:5.4,Levi Colwill:9.5,J. Veltman:7.7,Adam Webster:6.8,Moises Caicedo:5.8,Andrew Moran:7.8,Jeremy Sarmiento:9.9,D. Undav:7.7,Danny Welbeck:7.8,K. Mitoma:8.9
