match,result,injured,yellow-card,red-card,scores
AFC Bournemouth:Arsenal FC,2:5,D. Randolph,Jakub Kiwior;G. Xhaka,K. Tierney,D. Randolph:5.6,M. Senesi:8.8,A. Smith:8.8,L. Kelly:6.5,C. Mepham:4.8,J. Zemura:7.4,H. Traore:6.9,L. Cook:9.8,P. Billing:5.9,E. Pollock:6.4,J. Anthony:5.7,Daniel Adu-Adjei:5.5,K. Moore:4.8,A. Ramsdale:6.6,K. Tierney:8.5,Jakub Kiwior:4.6,B. White:9.5,O. Zinchenko:9.6,M. Elneny:9.7,B. Saka:6.9,G. Xhaka:6.8,M. Odegaard:6.7,Gabriel Jesus:6.9,Edward Nketiah:5.5,L. Trossard:4.7,Martinelli:9.4
Aston Villa:Wolves,0:4,N. Semedo,N. Collins,,J. Steer:8.6,L. Digne:8.9,Sebastian Revan:9.6,M. Cash:6.8,C. Chambers:6.6,Douglas Luiz:6.9,J. Mcginn:9.8,J. Ramsey:9.4,L. Bailey:4.4,P. Coutinho:7.6,E. Buendia:7.8,Louie Moulden:6.8,N. Collins:6.8,Dexter Lembikisa:4.4,N. Semedo:4.8,R. Ait-Nouri:6.9,M. Kilman:6.5,Boubacar Traore:6.6,M. Lemina:5.8,Harvey Griffiths:7.8,Joao Gomes:6.4,R. Jimenez:9.4,Chiquinho:4.8,P. Sarabia:8.8,A. Traore:4.4
Brentford FC:West Ham United,0:3,D. Raya,N. Aguerd,,D. Raya:5.4,B. Mee:6.6,M. Roerslev:7.6,E. Pinnock:9.4,A. Hickey:6.6,S. Baptiste:5.6,T. Crama:8.6,R. Trevitt:4.7,Y. Yarmolyuk:8.8,I. Toney:9.7,M. Olakigbe:8.9,K. Lewis-Potter:6.6,L. Fabianski:9.8,Angelo Ogbonna:8.8,V. Coufal:6.7,A. Cresswell:9.5,Kurt Zouma:4.7,N. Aguerd:6.7,Armstrong Okoflex:8.5,T. Soucek:8.8,L. Paqueta:4.9,Danny Ings:6.9,Divin Mubama:9.5,G. Scamacca:9.6,M. Antonio:5.8
Brighton FC:Tottenham Hotspur,0:0,,I. Perisic,Danny Welbeck;Richarlison,Thomas Mcgill:6.5,P. Estupinan:4.8,Levi Colwill:7.8,Imari Samuels:9.9,J. Veltman:7.8,Jan Van Hecke:7.4,Jeremy Sarmiento:4.9,Cameron Peupion:4.4,A. Lallana:8.6,K. Mitoma:8.9,Evan Ferguson:9.9,Danny Welbeck:8.8,Brandon Austin:4.9,C. Romero:5.8,B. Davies:8.8,E. Dier:5.6,D. Sanchez:5.5,Romaine Mundle:5.4,I. Perisic:9.8,Alfie Devine:8.8,Lucas Moura:6.7,A. Danjuma:9.8,Richarlison:7.6,D. Kulusevski:7.4
Chelsea FC:Southampton FC,0:3,Kyle Walker-Peters,,,Marcus Bettinelli:7.4,W. Fofana:8.6,Reece James:4.4,C. Azpilicueta:8.4,Trevoh Chalobah:9.8,B. Badiashile:5.9,Harvey Vale:7.8,Mason Mount:6.4,E. Fernandez:6.8,Lewis Hall:9.7,A. Broja:4.8,R. Sterling:8.4,Joao Felix:6.4,Alex Mccarthy:4.7,Kyle Walker-Peters:6.6,A. Bella-Kotchap:9.5,D. Caleta-Car:8.8,J. Bednarek:5.8,Lyanco:6.6,Joe Aribo:7.8,J. Ward-Prowse:4.4,S. Armstrong:8.9,K. Sulemana:9.6,M. Orsic:6.5,Adam Armstrong:7.8,Che Adams:9.5
Crystal Palace:Nottingham Forest,0:1,Jean Mateta,Kayden Rodney;S. Cook,C. Doucoure,V. Guaita:7.8,T. Mitchell:8.9,Marc Guehi:5.7,Kayden Rodney:8.4,Kofi Balmer:7.8,Jairo Riedewald:4.8,J. Mcarthur:7.7,M. Olise:9.9,C. Doucoure:4.6,O. Edouard:6.6,Jean Mateta:4.4,W. Zaha:4.6,J. Ayew:9.5,W. Hennessey:7.8,S. Cook:9.9,M. Niakhate:8.5,S. McKenna:5.4,Omar Richards:5.8,Giulian Biancone:4.6,Orel Mangala:7.7,H. Arter:4.9,Danilo:7.5,E. Dennis:4.4,B. Johnson:9.7,S. Surridge:5.8,Chris Wood:8.8
Everton FC:Newcastle United,1:5,A. Begovic;J. Manquillo,V. Mykolenko;Seamus Coleman;A. Saint-Maximin,F. Schar,A. Begovic:8.4,Nathan Patterson:9.8,Seamus Coleman:7.4,V. Mykolenko:6.9,J. Tarkowski:6.5,A. Doucoure:7.4,A. Onana:9.9,Alex Iwobi:8.8,Isaac Price:5.7,E. Simms:7.4,D. McNeil:5.9,Andros Townsend:5.7,Nick Pope:9.6,F. Schar:8.8,E. Krafth:7.5,J. Manquillo:6.5,Matt Targett:7.7,Joelinton:8.9,M. Ritchie:4.6,M. Almiron:7.7,A. Gordon:9.9,Ryan Fraser:6.7,A. Saint-Maximin:9.7
Fulham FC:Manchester United,5:3,T. Cairney,,,M. Rodak:4.4,Stefan Parkes:5.7,S. Duffy:8.9,Cedric Soares:4.9,Charlie Robinson:6.8,K. Tete:8.9,Matthew Dibley:9.4,Harrison Reed:6.9,T. Francois:6.9,T. Cairney:7.4,N. Kebano:6.6,Harry Wilson:7.4,Willian:6.8,Martial Godo:8.9,J. Butland:5.8,A. Wan-Bissaka:5.8,Marc Jurado:8.9,Brandon Williams:7.6,Rhys Bennett:4.9,C. Eriksen:8.7,Fred:7.6,Zidane Iqbal:6.8,Alejandro Garnacho:4.8,M. Greenwood:8.5,Antony:5.7
Leeds United:Man. City,1:1,,Brenden Aaronson;Luke Ayling,M. Wober,Joel Robles:8.9,S. Dallas:6.4,R. Kristensen:8.5,Luke Ayling:9.9,Liam Cooper:7.4,M. Wober:8.7,Marc Roca:5.6,Archie Gray:7.8,T. Adams:7.8,Brenden Aaronson:9.4,Sam Greenwood:5.5,J. Harrison:9.5,Sonny Perkins:8.4,S. Carson:7.9,Ruben Dias:9.8,S. Gomez:6.6,B. Mendy:5.5,N. Ake:7.6,Bernardo Silva:5.4,Rodri:8.7,I. Gundogan:7.5,P. Foden:4.6,J. Grealish:8.9,E. Haaland:9.8,Benjamin Knight:7.5
Leicester City:Liverpool FC,0:4,,N. Mendy;Lewis Brunt,K. Iheanacho,Daniel Iversen:6.8,J. Justin:7.6,C. Soyuncu:7.9,Lewis Brunt:5.9,D. Amartey:8.4,V. Kristiansen:4.8,W. Ndidi:6.6,B. Soumare:4.6,Sammy Braybrooke:4.6,N. Mendy:9.5,K. Iheanacho:8.4,P. Daka:4.9,J. Vardy:4.8,Caoimhin Kelleher:7.8,Rhys Williams:5.4,J. Matip:6.6,Nathaniel Phillips:4.8,K. Tsimikas:5.8,N. Keita:8.7,H. Elliott:6.7,Curtis Jones:8.8,C. Gakpo:4.7,D. Nunez:6.5,M. Salah:7.5
