match,result,injured,yellow-card,red-card,scores
AFC Bournemouth:Everton FC,5:1,J. Zemura,Ishe Samuels;James Garner,J. Tarkowski,Neto:4.8,M. Senesi:6.9,L. Kelly:5.5,J. Zemura:6.5,R. Fredericks:7.6,J. Lerma:8.9,H. Traore:5.5,M. Tavernier:4.7,J. Anthony:9.9,D. Ouattara:9.7,Daniel Adu-Adjei:4.5,A. Lonergan:9.8,J. Tarkowski:8.8,Seamus Coleman:5.8,V. Mykolenko:6.6,Ishe Samuels:7.6,Mason Holgate:6.4,Kyle John:5.5,James Garner:5.5,I. Gueye:5.4,Dominic Calvert-Lewin:6.8,E. Simms:5.9,N. Maupay:8.6
Fulham FC:Crystal Palace,2:2,Kayden Rodney,Harry Wilson;A. Mitrovic;O. Edouard;Jean Mateta,Tosin Adarabioyo;A. Lokonga,M. Rodak:5.6,Tosin Adarabioyo:6.9,Antonee Robinson:4.5,S. Duffy:5.9,L. Kurzawa:9.9,A. Pereira:9.5,Luke Harris:5.6,S. Lukic:9.4,Martial Godo:8.8,Harry Wilson:6.9,A. Mitrovic:5.6,V. Guaita:8.4,Chris Richards:4.9,Kayden Rodney:6.5,T. Mitchell:9.6,J. Ward:6.9,E. Eze:6.7,David Ozoh:4.5,A. Lokonga:4.9,L. Milivojevic:9.7,Jean Mateta:8.4,J. Ayew:5.6,O. Edouard:8.9
Leeds United:Chelsea FC,5:2,,Adam Forshaw;Kepa;Reece James,Gnonto,Joel Robles:6.6,Junior Firpo:7.8,R. Koch:8.9,S. Dallas:6.9,P. Struijk:6.8,Diogo Monteiro:7.4,Adam Forshaw:5.5,W. Mckennie:8.7,T. Adams:4.5,L. Sinisterra:6.4,Sonny Perkins:8.6,Gnonto:6.8,J. Harrison:8.7,Kepa:9.9,Ben Chilwell:9.5,Thiago Silva:9.9,Trevoh Chalobah:4.9,Reece James:4.8,R. Loftus-Cheek:4.4,K. Havertz:8.7,Harvey Vale:9.9,Noni Madueke:4.8,David Fofana:9.5,R. Sterling:6.7,C. Pulisic:8.9
Leicester City:Brighton FC,0:5,J. Vardy,J. Maddison;Harry Souttar,Julio Enciso,A. Smithies:7.6,J. Justin:9.6,T. Castagne:9.7,Harry Souttar:5.5,Ryan Bertrand:6.8,J. Maddison:7.8,Kiernan Dewsbury-Hall:6.8,Sammy Braybrooke:5.5,K. Iheanacho:9.7,Tete:9.8,J. Vardy:7.4,Harvey Barnes:7.8,R. Sanchez:4.6,T. Lamptey:9.4,Adam Webster:5.4,P. Estupinan:8.4,L. Dunk:4.9,S. March:4.6,B. Gilmour:9.7,F. Buonanotte:4.9,Julio Enciso:4.7,K. Mitoma:5.7,Evan Ferguson:9.6
Liverpool FC:Brentford FC,4:1,Diogo Jota;D. Raya,K. Tsimikas,,Harvey Davies:5.6,J. Matip:5.6,Calvin Ramsay:4.7,Rhys Williams:6.8,K. Tsimikas:4.9,H. Elliott:4.8,A. Oxlade-Chamberlain:7.4,Ben Doak:6.8,J. Milner:6.9,Diogo Jota:8.8,Firmino:5.8,M. Salah:7.5,L. Diaz:6.9,D. Raya:4.5,Zanka:9.8,P. Jansson:7.5,A. Hickey:6.7,R. Henry:4.6,F. Stevens:4.6,M. Jensen:7.9,R. Trevitt:9.8,O. Onyeka:5.8,Y. Wissa:8.5,K. Lewis-Potter:9.4,B. Mbeumo:8.6
Man. City:Aston Villa,0:1,Douglas Luiz,B. Mendy;M. Akanji;M. Cash;B. Traore,Maximo Perrone;L. Digne,Ederson:7.4,B. Mendy:4.5,J. Stones:9.9,M. Akanji:9.6,S. Gomez:5.8,Rodri:5.5,I. Gundogan:4.9,C. Palmer:4.9,Maximo Perrone:7.7,R. Mahrez:6.5,J. Alvarez:9.6,Benjamin Knight:4.8,E. Haaland:8.8,Viljami Sinisalo:9.6,E. Konsa:9.4,M. Cash:8.7,L. Digne:9.8,T. Mings:6.4,Sebastian Revan:4.9,L. Dendoncker:7.8,Douglas Luiz:9.4,Tommi O'reilly:9.8,J. Ramsey:4.6,P. Coutinho:4.4,B. Traore:8.6,E. Buendia:7.4
Manchester United:Arsenal FC,0:3,B. White,A. Elanga;Ethan Nwaneri;Martinelli,,D. De Gea:7.5,H. Maguire:7.9,Marc Jurado:8.7,Rhys Bennett:8.4,A. Wan-Bissaka:8.6,L. Shaw:7.4,Fred:4.6,Bruno Fernandes:7.8,Scott Mctominay:8.8,M. Rashford:9.4,Jadon Sancho:7.8,A. Martial:4.9,A. Elanga:9.7,A. Ramsdale:7.4,B. White:8.7,Lino Sousa:8.5,K. Tierney:6.5,Matthew Smith:5.9,Jorginho:7.7,M. Elneny:9.8,M. Odegaard:5.7,Ethan Nwaneri:5.8,L. Trossard:9.4,Martinelli:5.8,Gabriel Jesus:4.4
Newcastle United:Wolves,4:5,Ryan Fraser;Dexter Lembikisa,M. Ritchie;J. Lascelles;Dexter Lembikisa;Hee-Chan Hwang,Toti Gomes,Nick Pope:4.6,Harrison Ashby:5.7,Matt Targett:9.7,K. Trippier:9.8,J. Lascelles:9.9,B. Guimaraes:7.4,Joe Willock:7.5,M. Ritchie:5.8,C. Wilson:4.6,A. Saint-Maximin:9.4,Ryan Fraser:8.5,Louie Moulden:7.8,Dexter Lembikisa:6.6,Toti Gomes:8.5,N. Semedo:7.6,M. Kilman:7.5,Joao Gomes:6.6,Matheus Nunes:5.6,M. Lemina:4.4,Joao Moutinho:7.6,Nathan Fraser:8.8,A. Traore:5.6,Hee-Chan Hwang:4.7,R. Jimenez:8.5
Nottingham Forest:West Ham United,2:3,S. Surridge;Armstrong Okoflex,J. Worrall;Kaelan Casey;A. Cresswell,,Keylor Navas:7.5,S. Cook:5.8,H. Toffolo:4.9,J. Worrall:7.9,S. Aurier:9.6,Cafu:8.9,R. Freuler:8.7,Danilo:5.7,Lyle Taylor:8.8,S. Surridge:8.6,Chris Wood:6.8,T. Awoniyi:8.9,A. Areola:9.6,Emerson:6.4,T. Kehrer:8.7,B. Johnson:7.8,A. Cresswell:9.4,Armstrong Okoflex:5.7,F. Downes:4.6,Kaelan Casey:8.9,T. Soucek:8.8,G. Scamacca:8.7,Danny Ings:7.9,Gnaly Cornet:6.8
Southampton FC:Tottenham Hotspur,3:4,Japhet Tanganga,Adam Armstrong,K. Sulemana,Alex Mccarthy:9.8,Lyanco:9.9,Tino Livramento:7.6,James Bree:8.5,Kyle Walker-Peters:6.4,M. Salisu:7.6,Ibrahima Diallo:4.4,Ainsley Maitland:7.7,S. Armstrong:4.9,J. Ward-Prowse:5.6,Moussa Djenepo:6.6,K. Sulemana:7.6,Adam Armstrong:6.8,Samuel Edozie:8.8,F. Forster:8.8,Japhet Tanganga:9.9,B. Davies:9.5,George Abbott:5.5,Pedro Porro:6.9,Alfie Devine:8.9,Pierre-Emile Hojbjerg:5.5,Pape Sarr:6.7,Y. Bissouma:5.8,H. Kane:9.9,Lucas Moura:7.5,A. Danjuma:6.4
