match,result,injured,yellow-card,red-card,scores
AFC Bournemouth:Wolves,4:5,L. Cook;Joao Gomes,C. Dawson,Chiquinho,Neto:8.9,Jack Stacey:7.5,Jack Stephens:5.4,R. Fredericks:7.9,A. Smith:9.7,M. Vina:6.6,L. Cook:8.7,R. Christie:5.8,J. Lerma:5.9,P. Billing:4.7,A. Semenyo:4.7,J. Stanislas:4.9,Daniel Adu-Adjei:7.6,Louie Moulden:4.7,M. Kilman:7.8,C. Dawson:6.4,N. Collins:5.8,Hugo Bueno:9.8,Toti Gomes:4.4,Harvey Griffiths:5.4,Boubacar Traore:6.6,Joao Gomes:4.6,Ruben Neves:5.8,P. Sarabia:6.8,Pedro Neto:8.5,Chiquinho:4.6,A. Traore:7.5
Arsenal FC:West Ham United,3:3,,Takehiro Tomiyasu;Karl Hein;M. Antonio;A. Cresswell,Reiss Nelson,Karl Hein:6.8,Takehiro Tomiyasu:8.8,Rob Holding:6.8,Matthew Smith:5.9,Gabriel Magalhaes:6.9,W. Saliba:5.6,M. Elneny:6.7,Thomas:6.4,M. Odegaard:9.8,Gabriel Jesus:8.7,Martinelli:7.4,Reiss Nelson:9.5,Edward Nketiah:5.6,A. Areola:6.4,Angelo Ogbonna:8.9,Kurt Zouma:6.7,N. Aguerd:8.8,A. Cresswell:5.8,Emerson:4.9,P. Fornals:6.6,M. Lanzini:7.9,L. Paqueta:5.8,J. Bowen:7.6,M. Antonio:6.5,Danny Ings:4.6
Aston Villa:Tottenham Hotspur,0:5,O. Watkins,James Wright;Heung-Min Son;D. Sanchez,H. Kane,James Wright:6.8,Diego Carlos:6.9,A. Young:8.6,Sebastian Revan:8.7,T. Mings:7.4,C. Chambers:4.5,Douglas Luiz:9.9,L. Dendoncker:5.5,J. Mcginn:7.4,Tommi O'reilly:8.4,E. Buendia:4.6,O. Watkins:8.7,J. Duran:6.4,H. Lloris:4.7,D. Sanchez:6.6,George Abbott:4.9,C. Romero:8.9,Pedro Porro:4.7,Y. Bissouma:8.8,R. Sessegnon:9.9,Alfie Devine:4.8,R. Bentancur:9.8,H. Kane:6.5,Lucas Moura:4.5,Heung-Min Son:5.4
Brentford FC:Southampton FC,2:3,M. Roerslev,,P. Jansson,M. Cox:9.9,M. Roerslev:7.7,A. Hickey:4.9,Zanka:5.7,P. Jansson:4.8,S. Baptiste:6.7,V. Janelt:4.9,Y. Yarmolyuk:7.4,K. Lewis-Potter:9.9,M. Olakigbe:4.6,Y. Wissa:6.9,K. Schade:8.7,W. Caballero:5.5,A. Bella-Kotchap:5.7,R. Perraud:7.8,Kyle Walker-Peters:6.8,J. Bednarek:8.5,J. Ward-Prowse:4.6,Joe Aribo:7.9,C. Alcaraz:9.6,Samuel Edozie:9.4,Adam Armstrong:6.6,M. Orsic:7.5,Theo Walcott:7.6
Brighton FC:Nottingham Forest,5:1,P. Estupinan;H. Toffolo,T. Awoniyi;A. Ayew,,Thomas Mcgill:5.5,P. Estupinan:8.8,L. Dunk:7.8,Imari Samuels:6.8,Levi Colwill:6.7,B. Gilmour:5.7,Jeremy Sarmiento:5.8,S. March:7.5,F. Buonanotte:4.7,Evan Ferguson:8.7,Danny Welbeck:7.8,Julio Enciso:7.9,D. Undav:5.9,Dean Henderson:6.5,H. Toffolo:8.6,S. Cook:5.4,W. Boly:4.5,Giulian Biancone:5.6,J. Worrall:7.5,Orel Mangala:9.4,R. Yates:4.8,Danilo:6.5,R. Freuler:4.9,E. Dennis:6.4,S. Surridge:4.5,A. Ayew:6.5,T. Awoniyi:9.4
Chelsea FC:Newcastle United,2:4,M. Mudryk,P. Dummett;S. Longstaff,,E. Mendy:7.4,K. Koulibaly:4.5,M. Cucurella:4.9,C. Azpilicueta:4.6,B. Badiashile:7.8,Reece James:6.7,M. Kovacic:6.5,N. Kante:4.5,Conor Gallagher:5.6,Lewis Hall:6.7,Noni Madueke:5.4,David Fofana:4.4,A. Broja:4.5,M. Mudryk:8.6,M. Dubravka:6.4,P. Dummett:8.6,D. Burn:9.7,Matt Targett:8.4,J. Manquillo:5.5,J. Lewis:8.6,S. Longstaff:5.4,M. Ritchie:6.9,Joelinton:4.5,C. Wilson:7.7,J. Murphy:6.8,Ryan Fraser:9.4,A. Isak:6.7
Crystal Palace:Manchester United,3:5,J. Andersen,J. Tomkins;Scott Mctominay;D. De Gea,,V. Guaita:7.4,J. Tomkins:6.8,J. Andersen:7.8,J. Ward:6.7,N. Clyne:4.7,Chris Richards:5.9,A. Lokonga:7.4,Jack Wells-Morrison:6.5,William Hughes:4.8,O. Edouard:9.4,J. Ayew:8.7,W. Zaha:9.6,Jean Mateta:5.6,D. De Gea:5.8,Marc Jurado:5.5,Phil Jones:8.9,D. Dalot:9.4,R. Varane:8.7,H. Maguire:4.4,C. Eriksen:4.9,Scott Mctominay:5.5,Casemiro:5.9,D. Van De Beek:7.4,Antony:6.9,M. Greenwood:8.7,A. Elanga:6.4
Everton FC:Man. City,5:3,Benjamin Knight,E. Simms;Reece Welch,A. Lonergan;Rodri,A. Lonergan:7.8,Ruben Vinagre:4.7,Reece Welch:9.4,Ishe Samuels:6.7,C. Coady:4.8,I. Gueye:7.9,Isaac Price:9.8,Stanley Mills:9.5,A. Onana:4.6,E. Simms:4.5,Andros Townsend:7.4,D. McNeil:5.8,Ederson:8.8,Rico Lewis:5.5,B. Mendy:8.5,J. Stones:7.9,A. Laporte:6.5,K. Walker:8.4,K. Phillips:6.5,K. De Bruyne:4.7,Maximo Perrone:5.5,Rodri:6.6,J. Grealish:9.6,Benjamin Knight:4.9,E. Haaland:5.9,J. Alvarez:5.5
Fulham FC:Liverpool FC,1:2,Matthew Dibley;J. Matip,Stefan Bajcetic,Ben Doak,George Wickens:5.4,Charlie Robinson:4.7,Cedric Soares:9.7,T. Ream:4.4,Stefan Parkes:7.7,S. Duffy:8.9,Matthew Dibley:4.5,J. Palhinha:9.4,A. Pereira:9.9,Willian:4.5,Terry Ablade:8.5,A. Mitrovic:9.9,Vinicius:8.7,Caoimhin Kelleher:7.6,I. Konate:8.7,Calvin Ramsay:8.8,J. Matip:7.4,Joe Gomez:7.7,Ben Doak:4.8,Stefan Bajcetic:7.8,H. Elliott:8.4,Diogo Jota:8.8,L. Diaz:6.7,M. Salah:7.8
Leeds United:Leicester City,2:5,W. Mckennie;J. Vardy,Gnonto;Ricardo Pereira,Archie Gray,Kristoffer Klaesson:8.5,P. Struijk:4.6,S. Dallas:4.6,R. Koch:4.5,Liam Cooper:5.7,Junior Firpo:6.4,W. Mckennie:6.9,Adam Forshaw:5.4,Brenden Aaronson:9.4,Archie Gray:7.7,Georginio Rutter:4.4,Patrick Bamford:6.4,Gnonto:6.4,Rodrigo:6.9,A. Smithies:4.8,Lewis Brunt:5.9,W. Faes:5.7,Ricardo Pereira:6.4,T. Castagne:6.5,J. Justin:5.8,N. Mendy:6.5,D. Praet:7.4,Kiernan Dewsbury-Hall:6.4,Y. Tielemans:5.6,P. Daka:8.6,K. Iheanacho:6.8,Harvey Barnes:7.6,J. Vardy:7.6
