match,result,injured,yellow-card,red-card,scores
Brighton FC:AFC Bournemouth,2:1,B. Gilmour,M. Vina;D. Sadi,,Thomas Mcgill:6.7,J. Veltman:6.4,Jan Van Hecke:8.7,Levi Colwill:8.4,L. Dunk:4.4,Yasin Ayari:5.9,B. Gilmour:8.9,Cameron Peupion:7.7,D. Undav:9.4,Julio Enciso:6.9,Evan Ferguson:9.9,D. Randolph:6.5,M. Vina:7.8,C. Mepham:8.9,R. Fredericks:4.5,A. Smith:8.6,I. Zabarnyi:5.7,J. Lerma:6.7,E. Pollock:5.6,M. Tavernier:6.6,L. Cook:8.4,D. Brooks:5.6,D. Sadi:8.6,Michael Dacosta:5.9
Brentford FC:Chelsea FC,2:3,Reece James,M. Jensen;R. Trevitt,A. Hickey;Omari Hutchinson,M. Cox:5.5,Zanka:6.5,R. Henry:5.6,M. Roerslev:6.4,P. Jansson:5.4,A. Hickey:8.6,C. Norgaard:8.4,O. Onyeka:4.5,R. Trevitt:8.4,M. Jensen:8.6,I. Toney:8.6,K. Schade:8.8,K. Lewis-Potter:5.7,B. Mbeumo:5.4,Kepa:7.6,M. Cucurella:4.8,W. Fofana:8.9,B. Badiashile:4.8,Reece James:4.4,M. Kovacic:8.4,R. Loftus-Cheek:8.9,D. Zakaria:6.6,David Fofana:4.5,Omari Hutchinson:9.5,A. Broja:8.4
Aston Villa:Crystal Palace,5:4,B. Traore;V. Guaita,N. Clyne;O. Edouard,,R. Olsen:8.5,Alex Moreno:5.7,Diego Carlos:9.4,Sebastian Revan:9.9,T. Mings:7.4,Douglas Luiz:4.6,B. Kamara:5.6,J. Ramsey:7.7,J. Mcginn:9.5,Kadan Young:7.9,O. Watkins:8.4,L. Bailey:6.7,B. Traore:5.6,V. Guaita:8.9,J. Tomkins:6.4,J. Andersen:4.6,T. Mitchell:4.6,N. Clyne:9.4,Jairo Riedewald:4.8,David Ozoh:7.9,Jeffrey Schlupp:8.6,N. Ahamada:4.5,Jean Mateta:8.9,J. Ayew:4.4,O. Edouard:6.6,W. Zaha:5.5
Arsenal FC:Everton FC,0:1,M. Keane,Reiss Nelson;O. Zinchenko;I. Gueye,O. Zinchenko,M. Turner:8.6,Takehiro Tomiyasu:9.6,Jakub Kiwior:6.8,O. Zinchenko:9.8,Matthew Smith:9.9,K. Tierney:4.8,Fabio Vieira:5.6,B. Saka:8.5,G. Xhaka:6.4,M. Elneny:8.4,Reiss Nelson:5.4,Edward Nketiah:6.9,Gabriel Jesus:6.5,A. Begovic:6.8,Reece Welch:4.9,M. Keane:8.9,Nathan Patterson:7.9,Y. Mina:6.8,Kyle John:5.4,A. Doucoure:5.6,A. Onana:7.5,I. Gueye:6.8,Dominic Calvert-Lewin:4.4,Demarai Gray:6.8,D. McNeil:9.6,N. Maupay:9.7
Wolves:Fulham FC,0:1,S. Duffy,N. Semedo;T. Francois,Vinicius,Louie Moulden:6.9,R. Ait-Nouri:9.6,Toti Gomes:8.4,Jonny:6.5,Dexter Lembikisa:6.9,N. Semedo:6.4,Harvey Griffiths:9.8,M. Lemina:6.5,Joao Moutinho:7.4,Boubacar Traore:4.5,S. Kalajdzic:5.8,Matheus Cunha:7.6,Hee-Chan Hwang:8.4,Nathan Fraser:4.9,B. Leno:6.5,Tosin Adarabioyo:8.5,S. Duffy:5.9,T. Ream:8.8,K. Tete:8.4,Harrison Reed:9.4,Luke Harris:7.9,T. Francois:8.9,S. Lukic:8.4,M. Solomon:5.9,Vinicius:8.9,Terry Ablade:8.7,Martial Godo:6.5
West Ham United:Leeds United,4:5,,G. Scamacca;Gnonto;P. Struijk,,L. Fabianski:5.4,Kurt Zouma:4.6,V. Coufal:8.7,N. Aguerd:6.4,Angelo Ogbonna:6.4,T. Kehrer:9.4,Armstrong Okoflex:5.8,D. Rice:6.7,P. Fornals:5.5,G. Scamacca:8.8,S. Benrahma:9.7,M. Antonio:9.8,Joel Robles:4.6,P. Struijk:4.9,R. Kristensen:9.4,Liam Cooper:5.5,M. Wober:4.8,T. Adams:9.7,Adam Forshaw:8.6,Archie Gray:9.5,Sonny Perkins:9.4,Gnonto:5.4,Sam Greenwood:9.9
Tottenham Hotspur:Leicester City,0:5,W. Faes,D. Kulusevski;V. Kristiansen;N. Mendy,,Brandon Austin:7.4,George Abbott:4.4,Pedro Porro:5.4,C. Lenglet:5.8,E. Dier:6.8,Matthew Craig:8.8,R. Sessegnon:4.9,Alfie Devine:9.4,D. Kulusevski:4.7,Richarlison:8.8,Heung-Min Son:8.8,Lucas Moura:8.8,D. Ward:4.4,T. Castagne:8.9,Lewis Brunt:5.5,W. Faes:4.7,V. Kristiansen:9.6,N. Mendy:8.5,Kiernan Dewsbury-Hall:7.5,Sammy Braybrooke:4.6,Y. Tielemans:9.4,Tete:5.6,K. Iheanacho:9.6,Harvey Barnes:9.6
Southampton FC:Liverpool FC,0:1,,J. Bednarek;Kyle Walker-Peters,C. Alcaraz;H. Elliott,W. Caballero:8.7,J. Bednarek:4.5,Tino Livramento:4.8,Kyle Walker-Peters:4.4,A. Bella-Kotchap:7.4,Ibrahima Diallo:5.9,Romeo Lavia:8.5,C. Alcaraz:5.5,Adam Armstrong:6.5,P. Onuachu:9.6,Moussa Djenepo:9.8,M. Orsic:6.6,Caoimhin Kelleher:8.9,V. Van Dijk:4.9,Calvin Ramsay:6.4,I. Konate:5.6,Rhys Williams:7.9,Stefan Bajcetic:8.6,J. Milner:7.6,Thiago:6.4,H. Elliott:9.8,L. Diaz:9.6,Firmino:8.7,C. Gakpo:8.5
Nottingham Forest:Man. City,1:1,S. Carson,Ruben Dias;J. Alvarez,Gustavo Scarpa,George Shelvey:6.4,H. Toffolo:9.5,Felipe:4.9,M. Niakhate:7.5,N. Williams:9.6,C. Kouyate:5.8,R. Yates:6.4,Gustavo Scarpa:9.7,M. Gibbs-White:6.4,Chris Wood:4.4,S. Surridge:9.4,Lyle Taylor:6.4,B. Johnson:7.5,S. Carson:6.6,K. Walker:7.6,Ruben Dias:9.9,B. Mendy:4.5,J. Stones:4.5,Rodri:4.5,P. Foden:6.6,Bernardo Silva:8.8,R. Mahrez:8.9,J. Alvarez:8.4,J. Grealish:9.5,Benjamin Knight:7.7
Newcastle United:Manchester United,5:5,,Scott Mctominay;D. De Gea,,M. Dubravka:8.4,E. Krafth:8.6,F. Schar:4.4,P. Dummett:9.6,Harrison Ashby:4.6,Joe Willock:5.9,B. Guimaraes:4.5,Matthew Longstaff:9.4,E. Anderson:6.4,Ryan Fraser:7.9,A. Saint-Maximin:5.8,C. Wilson:6.4,D. De Gea:6.7,D. Dalot:7.8,A. Wan-Bissaka:6.5,Teden Mengi:9.5,H. Maguire:8.7,Bruno Fernandes:7.6,C. Eriksen:8.8,Scott Mctominay:8.4,M. Rashford:6.5,A. Elanga:7.8,M. Greenwood:9.5
