match,result,injured,yellow-card,red-card,scores
AFC Bournemouth:Nottingham Forest,4:4,K. Moore,J. Worrall;S. Aurier,H. Traore;S. Surridge,Neto:7.7,A. Smith:9.4,Jack Stacey:8.5,Jack Stephens:4.4,C. Mepham:7.6,P. Billing:5.6,R. Christie:7.5,H. Traore:9.4,E. Pollock:5.8,D. Sadi:6.9,Daniel Adu-Adjei:5.6,K. Moore:6.9,Michael Dacosta:5.9,Dean Henderson:7.8,M. Niakhate:4.8,S. Aurier:6.4,J. Worrall:9.8,Felipe:5.9,Cafu:6.6,H. Arter:7.6,Gustavo Scarpa:5.4,C. Kouyate:5.6,Alexander Mighten:9.7,S. Surridge:4.6,E. Dennis:7.5,Chris Wood:4.5
Southampton FC:Newcastle United,5:2,,Ryan Fraser,A. Bella-Kotchap;Matthew Longstaff,Alex Mccarthy:8.4,A. Bella-Kotchap:6.7,R. Perraud:8.7,D. Caleta-Car:4.7,Kyle Walker-Peters:9.8,Ainsley Maitland:8.4,C. Alcaraz:5.7,J. Ward-Prowse:9.9,Samuel Edozie:5.9,P. Onuachu:9.7,M. Orsic:5.5,M. Elyounoussi:6.9,M. Dubravka:4.9,Harrison Ashby:9.5,J. Lascelles:6.4,S. Botman:5.5,P. Dummett:6.7,Matt Targett:9.4,Joelinton:4.9,M. Almiron:4.8,Matthew Longstaff:9.9,S. Longstaff:6.4,Ryan Fraser:8.4,A. Gordon:8.7,C. Wilson:9.9,J. Murphy:6.7
Tottenham Hotspur:Manchester United,2:1,,A. Elanga,Emerson Royal;T. Malacia,F. Forster:9.9,Emerson Royal:7.7,George Abbott:8.6,D. Sanchez:7.9,C. Lenglet:8.4,R. Sessegnon:6.4,Oliver Skipp:5.6,Pierre-Emile Hojbjerg:4.4,Romaine Mundle:6.6,D. Kulusevski:9.7,Lucas Moura:5.6,A. Danjuma:7.7,J. Butland:5.9,H. Maguire:6.4,R. Varane:7.6,T. Malacia:5.7,Rhys Bennett:8.9,D. Van De Beek:9.4,Scott Mctominay:7.9,M. Sabitzer:8.8,Casemiro:9.5,A. Elanga:6.9,Jadon Sancho:9.6,Alejandro Garnacho:7.9
West Ham United:Man. City,0:3,A. Laporte,Gnaly Cornet;L. Paqueta,,A. Areola:8.7,V. Coufal:9.8,N. Aguerd:5.9,Kurt Zouma:6.4,Angelo Ogbonna:4.4,Emerson:4.5,Armstrong Okoflex:4.7,Kaelan Casey:4.6,L. Paqueta:8.7,Danny Ings:8.4,M. Antonio:9.8,Gnaly Cornet:5.7,G. Scamacca:5.8,S. Carson:4.5,Ruben Dias:7.9,K. Walker:7.4,N. Ake:5.5,A. Laporte:5.8,Bernardo Silva:9.4,Rodri:8.6,P. Foden:8.5,R. Mahrez:4.5,Benjamin Knight:7.5,J. Grealish:6.5
Wolves:Liverpool FC,5:3,J. Henderson,,M. Kilman,Jose Sa:8.6,R. Ait-Nouri:8.4,Joseph Hodge:7.4,M. Kilman:5.4,N. Collins:4.9,M. Lemina:8.6,Boubacar Traore:9.5,Joao Moutinho:9.4,S. Kalajdzic:9.7,Chiquinho:5.8,D. Podence:6.5,Adrian:4.5,I. Konate:4.6,J. Matip:4.5,A. Robertson:7.8,V. Van Dijk:4.4,Fabinho:5.4,J. Henderson:6.7,N. Keita:5.7,L. Diaz:8.7,Firmino:4.8,D. Nunez:4.6,Diogo Jota:9.5
Arsenal FC:Leicester City,5:3,B. White;J. Maddison,W. Saliba;J. Justin,Reiss Nelson;A. Smithies,M. Turner:9.4,Jakub Kiwior:7.5,W. Saliba:8.7,B. White:4.9,Takehiro Tomiyasu:9.4,Rob Holding:8.4,Ethan Nwaneri:9.7,Thomas:5.9,Fabio Vieira:5.6,Jorginho:9.7,Martinelli:6.9,L. Trossard:8.7,Gabriel Jesus:9.6,Reiss Nelson:7.9,A. Smithies:6.4,T. Castagne:5.4,Jannik Vestergaard:6.4,Joe Wormleighton:7.4,J. Justin:8.6,J. Maddison:8.6,W. Ndidi:4.5,Y. Tielemans:7.7,D. Praet:9.4,Harvey Barnes:7.6,Tete:9.5,J. Vardy:5.4
Aston Villa:Leeds United,0:5,E. Konsa,Tommi O'reilly;J. Duran;Diogo Monteiro;Liam Cooper,Tommi O'reilly,Emiliano Martinez:7.7,Sil Swinkels:8.8,Alex Moreno:5.8,E. Konsa:8.7,L. Digne:8.6,J. Mcginn:7.6,Tommi O'reilly:8.7,J. Ramsey:7.5,Douglas Luiz:5.8,J. Duran:7.7,B. Traore:9.7,P. Coutinho:6.8,O. Watkins:4.6,I. Meslier:8.4,S. Dallas:8.5,Diogo Monteiro:6.4,P. Struijk:5.6,Luke Ayling:7.4,Liam Cooper:4.7,Adam Forshaw:8.6,Darko Gyabi:5.9,W. Mckennie:4.4,L. Sinisterra:8.6,J. Harrison:6.7,Rodrigo:4.9,Patrick Bamford:5.7
Brentford FC:Fulham FC,0:3,K. Schade;Daniel James,B. Mee;K. Schade,M. Roerslev;Vinicius,T. Strakosha:5.8,M. Roerslev:9.8,B. Mee:8.5,F. Stevens:6.4,P. Jansson:8.4,E. Pinnock:8.7,V. Janelt:9.8,T. Crama:7.5,Josh Dasilva:6.8,Y. Yarmolyuk:9.6,K. Lewis-Potter:4.5,M. Damsgaard:6.4,K. Schade:8.6,B. Mbeumo:4.7,George Wickens:6.4,K. Tete:4.7,Charlie Robinson:5.7,Cedric Soares:5.7,I. Diop:4.7,B. Reid:4.7,Harrison Reed:8.9,T. Francois:8.4,Vinicius:8.7,Daniel James:9.9,Martial Godo:5.9,Willian:6.9
Brighton FC:Everton FC,5:1,D. Undav;Mason Holgate,Adam Webster;James Garner;A. Begovic,Andros Townsend,R. Sanchez:7.4,Adam Webster:8.8,Imari Samuels:5.5,Jan Van Hecke:8.6,T. Lamptey:5.9,L. Dunk:5.7,S. March:9.4,Jeremy Sarmiento:5.9,Yasin Ayari:7.5,Evan Ferguson:9.4,Julio Enciso:7.6,D. Undav:6.6,A. Begovic:5.4,J. Tarkowski:5.6,M. Keane:6.7,Reece Welch:9.8,Seamus Coleman:7.9,Mason Holgate:9.8,A. Onana:9.6,A. Doucoure:5.4,Tom Davies:8.4,James Garner:7.8,Dominic Calvert-Lewin:5.8,D. McNeil:4.4,Andros Townsend:6.6
Chelsea FC:Crystal Palace,2:3,Chris Richards,Reece James;J. Ayew;W. Zaha,Kayden Rodney,E. Mendy:7.6,Trevoh Chalobah:7.8,K. Koulibaly:9.8,Reece James:5.7,M. Cucurella:4.9,Conor Gallagher:4.7,Carney Chukwuemeka:7.5,Harvey Vale:7.4,Noni Madueke:8.7,M. Mudryk:6.8,P. Aubameyang:6.5,Sam Johnstone:8.9,Chris Richards:6.9,Kofi Balmer:4.8,J. Ward:8.8,Nathan Ferguson:5.8,Kayden Rodney:7.9,David Ozoh:8.6,E. Eze:5.8,N. Ahamada:4.9,C. Doucoure:9.5,O. Edouard:5.7,J. Ayew:7.5,W. Zaha:9.5,Jean Mateta:5.7
