match,result,injured,yellow-card,red-card,scores
Southampton FC:AFC Bournemouth,4:3,P. Billing,Ibrahima Diallo;Tino Livramento;C. Mepham,M. Salisu;Dominic Solanke,Alex Mccarthy:7.9,A. Bella-Kotchap:8.5,Tino Livramento:8.8,Kyle Walker-Peters:4.9,M. Salisu:5.6,J. Ward-Prowse:9.9,Ibrahima Diallo:5.7,Romeo Lavia:8.5,Joe Aribo:8.4,Che Adams:5.5,K. Sulemana:5.4,Theo Walcott:7.4,Neto:8.7,A. Smith:9.6,M. Senesi:9.9,M. Vina:5.9,J. Zemura:9.9,C. Mepham:6.5,P. Billing:8.8,E. Pollock:7.4,R. Christie:5.4,H. Traore:7.4,Dominic Solanke:5.5,D. Brooks:7.8,J. Stanislas:4.4
Nottingham Forest:Tottenham Hotspur,3:0,Alfie Devine,T. Awoniyi;Chris Wood;Japhet Tanganga,,W. Hennessey:9.9,J. Worrall:4.7,N. Williams:7.7,M. Niakhate:4.5,Omar Richards:8.7,Gustavo Scarpa:9.5,Cafu:5.5,Orel Mangala:6.9,Lyle Taylor:6.4,T. Awoniyi:6.7,Chris Wood:4.5,Brandon Austin:4.4,Emerson Royal:8.9,Japhet Tanganga:4.6,George Abbott:9.7,C. Romero:4.5,Pedro Porro:9.9,Pierre-Emile Hojbjerg:9.4,I. Perisic:7.7,Alfie Devine:8.5,Heung-Min Son:4.7,Lucas Moura:8.7,A. Danjuma:9.6,H. Kane:7.9
Newcastle United:West Ham United,4:0,Matt Targett;Emerson,,Ryan Fraser;D. Rice,Mark Gillespie:6.7,Matt Targett:8.9,K. Trippier:7.4,E. Krafth:7.8,D. Burn:5.9,P. Dummett:8.7,S. Longstaff:8.4,E. Anderson:6.5,Joe Willock:7.6,A. Isak:5.7,Ryan Fraser:9.9,A. Gordon:5.7,A. Saint-Maximin:8.7,A. Areola:9.8,Angelo Ogbonna:5.6,Emerson:5.6,T. Kehrer:7.8,B. Johnson:7.4,D. Rice:7.9,T. Soucek:9.8,L. Paqueta:9.9,Divin Mubama:5.4,Gnaly Cornet:8.5,M. Antonio:7.7
Manchester United:Wolves,3:4,,M. Greenwood,R. Ait-Nouri,T. Heaton:6.4,Rhys Bennett:4.5,H. Maguire:8.8,V. Lindelof:5.6,R. Varane:9.4,Zidane Iqbal:6.8,Bruno Fernandes:4.7,Fred:4.5,Scott Mctominay:8.8,Jadon Sancho:6.9,Antony:9.7,M. Greenwood:7.5,Louie Moulden:8.4,M. Kilman:6.4,R. Ait-Nouri:5.9,Joseph Hodge:6.9,C. Dawson:4.7,Toti Gomes:6.8,Joao Gomes:6.9,Boubacar Traore:5.4,Joao Moutinho:6.7,Matheus Nunes:4.6,P. Sarabia:6.4,Chiquinho:5.9,Nathan Fraser:8.8
Man. City:Arsenal FC,4:2,Rodri,K. Walker;S. Carson,Reiss Nelson,S. Carson:5.6,M. Akanji:7.5,N. Ake:8.8,Ruben Dias:5.4,K. Walker:4.9,Rico Lewis:8.9,K. Phillips:8.7,Rodri:5.7,I. Gundogan:5.8,P. Foden:8.7,J. Grealish:9.9,Benjamin Knight:6.7,R. Mahrez:9.4,J. Alvarez:7.4,A. Ramsdale:9.8,Reuell Walters:4.8,Jakub Kiwior:5.8,Takehiro Tomiyasu:5.9,B. White:4.8,B. Saka:4.6,Ethan Nwaneri:5.7,M. Odegaard:6.8,Martinelli:9.9,L. Trossard:7.4,Edward Nketiah:8.9,Reiss Nelson:6.4
Liverpool FC:Aston Villa,4:5,Kadan Young,Alisson;C. Gakpo;B. Kamara,B. Kamara,Alisson:8.7,Nathaniel Phillips:5.4,Rhys Williams:6.6,Joe Gomez:8.5,A. Robertson:8.5,Arthur Henrique:8.6,N. Keita:6.7,Fabinho:6.6,Thiago:4.9,C. Gakpo:8.6,L. Diaz:7.5,M. Salah:5.8,J. Steer:5.5,Travis Patterson:6.5,E. Konsa:5.5,T. Mings:4.6,Sebastian Revan:6.6,L. Digne:5.4,J. Ramsey:6.4,B. Kamara:8.5,L. Dendoncker:6.6,E. Buendia:5.5,Kadan Young:8.5,J. Duran:6.5,O. Watkins:6.8
Leicester City:Brentford FC,5:1,,Ricardo Pereira;J. Vardy,Joe Wormleighton;A. Hickey,Daniel Iversen:4.8,Ricardo Pereira:4.6,J. Justin:9.8,Ryan Bertrand:4.4,Joe Wormleighton:7.6,Jonathan Evans:6.6,D. Praet:8.9,Y. Tielemans:4.9,J. Maddison:4.8,Harvey Barnes:8.5,J. Vardy:4.6,P. Daka:7.4,K. Iheanacho:4.9,T. Strakosha:9.4,P. Jansson:7.4,E. Pinnock:8.4,Zanka:9.5,F. Stevens:4.4,A. Hickey:4.6,Josh Dasilva:6.6,R. Trevitt:7.8,S. Baptiste:7.8,M. Damsgaard:4.4,K. Lewis-Potter:8.5,B. Mbeumo:8.6
Leeds United:Brighton FC,1:3,Danny Welbeck,Mateo Joseph;L. Sinisterra;L. Dunk,Luke Ayling,Joel Robles:4.5,Liam Cooper:5.6,Luke Ayling:7.4,M. Wober:6.9,Junior Firpo:8.5,Adam Forshaw:6.7,Brenden Aaronson:6.8,Darko Gyabi:6.4,Archie Gray:7.5,Mateo Joseph:9.5,Sonny Perkins:7.7,L. Sinisterra:4.6,Georginio Rutter:4.8,R. Sanchez:9.6,Levi Colwill:6.6,Oddel Offiah:5.4,L. Dunk:6.9,J. Veltman:8.8,A. Lallana:5.9,Cameron Peupion:4.7,A. Mac Allister:5.7,Danny Welbeck:6.6,K. Mitoma:6.6,Julio Enciso:8.5
Fulham FC:Chelsea FC,3:1,Tosin Adarabioyo,E. Mendy;P. Aubameyang,E. Mendy,George Wickens:7.7,Stefan Parkes:9.9,S. Duffy:7.9,I. Diop:8.9,Tosin Adarabioyo:4.9,Charlie Robinson:5.6,T. Cairney:6.5,B. Reid:9.6,Kristian Sekularac:6.6,Harry Wilson:5.7,Daniel James:8.7,Martial Godo:6.6,N. Kebano:7.7,E. Mendy:8.6,Trevoh Chalobah:5.6,M. Cucurella:5.6,Ben Chilwell:4.5,C. Azpilicueta:6.4,K. Havertz:5.6,N. Kante:5.9,Mason Mount:8.8,Joao Felix:7.7,Omari Hutchinson:7.5,P. Aubameyang:4.6
Everton FC:Crystal Palace,5:0,Ruben Vinagre,Kyle John;Andros Townsend;O. Edouard;Chris Richards,I. Gueye,A. Lonergan:6.4,Ruben Vinagre:9.5,V. Mykolenko:4.7,Seamus Coleman:8.9,Nathan Patterson:8.5,Kyle John:5.5,I. Gueye:6.8,Stanley Mills:5.4,Demarai Gray:9.5,Andros Townsend:6.6,Dominic Calvert-Lewin:9.9,Owen Goodman:5.7,T. Mitchell:6.9,Nathan Ferguson:4.9,N. Clyne:5.7,Chris Richards:5.7,Jack Wells-Morrison:9.6,David Ozoh:7.9,M. Olise:7.7,A. Lokonga:4.8,O. Edouard:8.7,Jean Mateta:9.8,J. Ayew:8.9,W. Zaha:9.6
