match,result,injured,yellow-card,red-card,scores
Man. City:AFC Bournemouth,1:4,,R. Mahrez;Ederson,Rico Lewis,Ederson:8.9,Rico Lewis:8.7,N. Ake:8.7,J. Stones:7.6,M. Akanji:9.8,K. De Bruyne:7.8,C. Palmer:7.8,P. Foden:5.7,Bernardo Silva:6.9,R. Mahrez:6.4,J. Grealish:5.7,J. Alvarez:8.7,Benjamin Knight:8.9,D. Randolph:8.7,A. Smith:9.6,I. Zabarnyi:6.5,R. Fredericks:6.5,M. Vina:5.4,Jack Stephens:5.8,J. Lerma:6.5,M. Tavernier:9.9,L. Cook:4.8,J. Anthony:9.7,K. Moore:8.6,D. Sadi:5.5,Michael Dacosta:6.6
Liverpool FC:Manchester United,0:5,A. Wan-Bissaka,C. Gakpo;J. Matip;Scott Mctominay,R. Varane,Alisson:7.9,V. Van Dijk:9.5,K. Tsimikas:7.5,J. Matip:9.6,A. Robertson:7.6,Rhys Williams:5.5,Bobby Clark:9.8,J. Henderson:4.7,Stefan Bajcetic:4.9,Diogo Jota:6.4,M. Salah:9.4,C. Gakpo:8.5,J. Butland:6.7,A. Wan-Bissaka:8.4,R. Varane:5.4,Brandon Williams:5.8,D. Dalot:4.9,L. Shaw:5.7,M. Sabitzer:7.7,Fred:5.9,Scott Mctominay:8.9,F. Pellistri:4.5,A. Elanga:9.8,M. Greenwood:4.8,Antony:7.9
Leicester City:Newcastle United,3:2,,J. Maddison;Harrison Ashby,Harrison Ashby,Daniel Iversen:4.5,V. Kristiansen:5.4,Ricardo Pereira:4.5,W. Faes:7.5,J. Justin:6.4,Jannik Vestergaard:6.9,Sammy Braybrooke:6.8,Kiernan Dewsbury-Hall:8.4,J. Maddison:8.9,Y. Tielemans:7.6,J. Vardy:9.9,Harvey Barnes:7.7,K. Iheanacho:8.5,Nick Pope:5.8,S. Botman:9.7,Harrison Ashby:7.5,J. Lewis:7.9,F. Schar:4.8,J. Manquillo:6.4,S. Longstaff:9.8,Joe Willock:7.6,B. Guimaraes:4.9,Joelinton:7.6,J. Murphy:9.4,Ryan Fraser:9.4,A. Gordon:4.6
Leeds United:Nottingham Forest,1:1,T. Awoniyi,M. Niakhate,,I. Meslier:6.5,Liam Cooper:5.4,Luke Ayling:7.6,Diogo Monteiro:8.9,M. Wober:9.4,Marc Roca:8.7,Darko Gyabi:7.5,Adam Forshaw:8.9,J. Harrison:4.9,Rodrigo:5.4,L. Sinisterra:8.6,George Shelvey:8.5,Felipe:5.6,J. Worrall:6.9,S. McKenna:4.4,M. Niakhate:5.9,C. Kouyate:7.6,Cafu:7.8,H. Arter:9.5,Chris Wood:9.7,Alexander Mighten:8.6,T. Awoniyi:9.6,Lyle Taylor:5.4
Fulham FC:Southampton FC,3:5,,M. Solomon;Tosin Adarabioyo;James Bree;M. Orsic,Joe Aribo,B. Leno:9.4,Tosin Adarabioyo:9.6,Cedric Soares:8.4,Antonee Robinson:9.8,L. Kurzawa:7.5,Matthew Dibley:8.9,Kristian Sekularac:8.8,S. Lukic:7.9,A. Mitrovic:8.4,Harry Wilson:7.6,M. Solomon:7.4,Alex Mccarthy:8.8,A. Bella-Kotchap:9.7,Juan Larios:6.4,James Bree:4.6,Lyanco:7.6,Tino Livramento:4.5,C. Alcaraz:9.7,Ibrahima Diallo:9.8,Joe Aribo:6.5,M. Orsic:8.8,Che Adams:4.9,K. Sulemana:9.4,Adam Armstrong:6.7
Everton FC:Tottenham Hotspur,5:5,Alex Iwobi,,C. Coady;R. Bentancur,A. Lonergan:8.4,Ruben Vinagre:4.6,Nathan Patterson:7.5,Mason Holgate:6.7,C. Coady:5.4,James Garner:6.8,Tom Davies:5.9,A. Onana:8.8,Alex Iwobi:9.4,Dominic Calvert-Lewin:7.6,N. Maupay:4.6,D. McNeil:9.5,Alfie Whiteman:6.7,D. Sanchez:4.4,Japhet Tanganga:7.4,Pedro Porro:9.8,E. Dier:6.6,B. Davies:5.8,R. Bentancur:8.8,Matthew Craig:8.8,Alfie Devine:9.8,Heung-Min Son:5.8,A. Danjuma:4.9,Lucas Moura:4.7,Richarlison:4.6
Crystal Palace:West Ham United,4:2,J. Andersen,C. Doucoure;W. Zaha,V. Guaita,V. Guaita:6.5,N. Clyne:5.6,Chris Richards:9.5,J. Andersen:8.7,J. Tomkins:7.4,C. Doucoure:8.6,L. Milivojevic:7.5,M. Olise:9.9,Jean Mateta:9.6,W. Zaha:4.6,J. Ayew:5.6,A. Areola:6.4,Kurt Zouma:9.6,Emerson:4.5,A. Cresswell:9.5,Angelo Ogbonna:4.6,N. Aguerd:5.9,L. Paqueta:6.4,D. Rice:4.4,F. Downes:4.5,Danny Ings:8.4,G. Scamacca:7.8,S. Benrahma:6.9
Chelsea FC:Wolves,3:0,Harvey Griffiths,M. Mudryk,,Gabriel Slonina:9.4,C. Azpilicueta:4.6,M. Cucurella:6.4,Trevoh Chalobah:8.4,Reece James:4.9,K. Havertz:6.7,N. Kante:5.4,Mason Mount:4.4,R. Loftus-Cheek:8.5,M. Mudryk:4.7,Noni Madueke:9.4,P. Aubameyang:7.5,Omari Hutchinson:6.6,Louie Moulden:4.9,Joseph Hodge:4.7,Hugo Bueno:7.4,M. Kilman:8.9,N. Collins:7.9,Harvey Griffiths:7.7,Joao Gomes:4.7,Joao Moutinho:8.7,Boubacar Traore:8.7,Hee-Chan Hwang:8.5,Pedro Neto:5.9,P. Sarabia:7.7
Brighton FC:Arsenal FC,5:1,B. Saka,L. Trossard,,R. Sanchez:9.8,L. Dunk:7.6,T. Lamptey:5.8,Oddel Offiah:7.8,Adam Webster:4.4,Levi Colwill:5.6,A. Lallana:6.9,Andrew Moran:4.5,F. Buonanotte:5.5,Evan Ferguson:5.8,Danny Welbeck:7.8,D. Undav:9.8,A. Ramsdale:8.6,O. Zinchenko:6.7,Jakub Kiwior:4.7,B. White:5.6,Takehiro Tomiyasu:9.8,Reuell Walters:9.9,B. Saka:6.7,Fabio Vieira:9.7,G. Xhaka:4.4,Martinelli:4.7,Gabriel Jesus:8.7,L. Trossard:7.8,Edward Nketiah:8.6
Brentford FC:Aston Villa,2:4,E. Buendia,,A. Hickey;T. Mings,M. Cox:5.6,E. Pinnock:4.4,F. Stevens:8.6,P. Jansson:9.7,Zanka:5.9,A. Hickey:6.9,Josh Dasilva:7.5,V. Janelt:5.6,R. Trevitt:8.5,Y. Yarmolyuk:6.6,Y. Wissa:5.6,M. Damsgaard:9.5,K. Schade:4.7,B. Mbeumo:8.9,Oliwier Zych:4.9,E. Konsa:4.6,Sil Swinkels:5.6,Sebastian Revan:7.5,Diego Carlos:4.5,T. Mings:6.5,J. Mcginn:7.8,Douglas Luiz:4.7,Tommi O'reilly:5.4,J. Ramsey:4.7,E. Buendia:6.8,Kadan Young:4.6,J. Duran:6.8,L. Bailey:4.4
