match,result,injured,yellow-card,red-card,scores
AFC Bournemouth:Leeds United,1:5,R. Kristensen,J. Zemura;Daniel Adu-Adjei;J. Harrison;Kristoffer Klaesson,L. Cook,D. Randolph:6.5,Jack Stephens:4.6,A. Smith:7.6,J. Zemura:5.5,I. Zabarnyi:6.9,J. Lerma:8.6,H. Traore:9.6,L. Cook:9.8,D. Ouattara:4.9,D. Brooks:9.5,Daniel Adu-Adjei:4.6,Michael Dacosta:7.7,Kristoffer Klaesson:9.9,R. Kristensen:9.6,Luke Ayling:7.7,M. Wober:6.6,Liam Cooper:6.5,Diogo Monteiro:5.6,Brenden Aaronson:5.6,Marc Roca:7.8,Archie Gray:6.5,J. Harrison:9.7,Mateo Joseph:9.7,Gnonto:8.7
Leicester City:Fulham FC,4:0,J. Maddison;Martial Godo,,K. Iheanacho,Daniel Iversen:8.7,Jannik Vestergaard:6.9,Ryan Bertrand:8.5,L. Thomas:6.9,W. Faes:9.7,Lewis Brunt:6.7,D. Praet:6.8,J. Maddison:6.4,Kiernan Dewsbury-Hall:5.7,Sammy Braybrooke:4.6,J. Vardy:5.5,K. Iheanacho:6.7,Harvey Barnes:4.6,B. Leno:5.6,Charlie Robinson:4.9,Stefan Parkes:5.8,I. Diop:5.9,Antonee Robinson:5.4,B. Reid:9.4,Luke Harris:9.8,Matthew Dibley:4.4,Harrison Reed:4.5,Vinicius:6.8,Harry Wilson:8.5,Martial Godo:6.6
Liverpool FC:Everton FC,1:2,Andros Townsend,V. Van Dijk;Demarai Gray,,Adrian:4.8,V. Van Dijk:4.5,K. Tsimikas:9.5,Calvin Ramsay:9.6,Joe Gomez:5.9,J. Matip:5.5,Arthur Henrique:4.6,Ben Doak:8.5,Bobby Clark:5.6,A. Oxlade-Chamberlain:9.8,D. Nunez:7.9,M. Salah:6.9,C. Gakpo:9.7,Diogo Jota:5.4,A. Begovic:5.9,Nathan Patterson:7.9,Ishe Samuels:6.6,B. Godfrey:5.9,Ruben Vinagre:7.5,A. Onana:7.9,Kyle John:4.5,Alex Iwobi:6.5,Andros Townsend:6.9,D. McNeil:5.6,Demarai Gray:6.9
Man. City:Crystal Palace,3:2,,J. Grealish;N. Ahamada,W. Zaha,Ederson:4.8,Rico Lewis:8.8,S. Gomez:6.5,J. Stones:5.5,Ruben Dias:8.9,Bernardo Silva:9.8,C. Palmer:6.5,Rodri:7.6,E. Haaland:6.4,Benjamin Knight:6.5,J. Grealish:4.6,R. Mahrez:5.4,Sam Johnstone:8.4,J. Ward:8.4,T. Mitchell:5.6,J. Tomkins:8.5,Chris Richards:5.7,Kayden Rodney:5.9,William Hughes:6.5,Jeffrey Schlupp:6.6,N. Ahamada:5.5,W. Zaha:8.4,O. Edouard:9.5,Jean Mateta:5.9
Manchester United:Chelsea FC,1:0,,F. Pellistri;Omari Hutchinson,,Nathan Bishop:4.6,Lisandro Martinez:5.4,L. Shaw:9.9,Rhys Bennett:9.4,V. Lindelof:9.8,Phil Jones:5.6,M. Sabitzer:6.7,C. Eriksen:6.4,Bruno Fernandes:9.5,Casemiro:6.7,F. Pellistri:7.5,M. Rashford:6.6,W. Weghorst:5.8,A. Martial:7.5,Gabriel Slonina:8.4,M. Cucurella:9.7,K. Koulibaly:8.4,Ben Chilwell:6.7,B. Badiashile:7.4,Trevoh Chalobah:4.4,N. Kante:8.9,R. Loftus-Cheek:5.5,K. Havertz:6.9,P. Aubameyang:7.8,M. Mudryk:6.6,Omari Hutchinson:7.6
Newcastle United:Brighton FC,5:1,Harrison Ashby,,S. Longstaff;Oddel Offiah,Mark Gillespie:7.9,P. Dummett:6.8,Harrison Ashby:4.5,D. Burn:8.8,J. Manquillo:5.9,F. Schar:8.8,B. Guimaraes:4.5,Joe Willock:5.4,M. Almiron:5.7,S. Longstaff:5.9,A. Saint-Maximin:7.6,A. Gordon:8.6,C. Wilson:7.8,R. Sanchez:7.8,T. Lamptey:4.5,L. Dunk:4.9,Jan Van Hecke:9.8,Adam Webster:8.9,Oddel Offiah:7.6,Moises Caicedo:4.5,B. Gilmour:7.4,P. Gross:8.5,D. Undav:6.4,Danny Welbeck:8.8,Evan Ferguson:8.4
Nottingham Forest:Brentford FC,5:1,,E. Dennis,Lyle Taylor,George Shelvey:9.4,Felipe:9.9,Omar Richards:7.5,J. Worrall:8.5,M. Niakhate:9.8,Cafu:8.5,Orel Mangala:6.9,M. Gibbs-White:4.7,R. Yates:6.4,Chris Wood:5.6,T. Awoniyi:7.5,E. Dennis:6.4,Lyle Taylor:9.5,T. Strakosha:5.6,B. Mee:8.7,A. Hickey:5.7,K. Ajer:5.7,F. Stevens:4.8,C. Norgaard:9.6,V. Janelt:6.4,Josh Dasilva:9.9,K. Schade:8.9,M. Damsgaard:8.4,B. Mbeumo:7.8,I. Toney:7.6
Southampton FC:Aston Villa,3:2,J. Bednarek,Sebastian Revan;B. Traore,Kadan Young,W. Caballero:6.5,J. Bednarek:8.5,James Bree:5.7,M. Salisu:8.4,Juan Larios:4.9,Ainsley Maitland:5.7,Romeo Lavia:4.7,Ibrahima Diallo:5.5,Moussa Djenepo:7.9,K. Sulemana:5.9,Samuel Edozie:4.6,M. Elyounoussi:4.5,Viljami Sinisalo:5.7,E. Konsa:6.6,Sebastian Revan:4.4,L. Digne:5.5,Alex Moreno:7.8,Diego Carlos:9.4,L. Dendoncker:5.7,J. Ramsey:9.9,J. Mcginn:5.6,Douglas Luiz:6.6,Kadan Young:7.6,L. Bailey:6.6,B. Traore:9.5
Tottenham Hotspur:Arsenal FC,0:1,Richarlison,Romaine Mundle;Pedro Porro;Ethan Nwaneri,Pedro Porro;Takehiro Tomiyasu,F. Forster:6.6,Japhet Tanganga:5.8,George Abbott:9.9,Pedro Porro:5.9,E. Dier:7.8,Emerson Royal:5.4,Romaine Mundle:8.5,Y. Bissouma:7.4,R. Sessegnon:6.5,Pape Sarr:8.7,A. Danjuma:8.4,H. Kane:7.4,Lucas Moura:9.6,Richarlison:6.5,Karl Hein:4.9,W. Saliba:7.9,O. Zinchenko:5.9,Takehiro Tomiyasu:4.8,K. Tierney:5.7,B. White:4.4,B. Saka:4.5,Ethan Nwaneri:7.8,Fabio Vieira:8.6,Jorginho:5.7,L. Trossard:6.5,Edward Nketiah:6.4,Reiss Nelson:5.9,Martinelli:9.6
West Ham United:Wolves,5:1,,L. Fabianski,R. Ait-Nouri,L. Fabianski:6.8,A. Cresswell:7.7,N. Aguerd:6.7,V. Coufal:5.4,T. Kehrer:9.9,Kurt Zouma:8.7,Armstrong Okoflex:6.5,Kaelan Casey:7.7,D. Rice:6.6,L. Paqueta:9.5,J. Bowen:4.5,G. Scamacca:6.5,Gnaly Cornet:4.6,Danny Ings:8.9,Louie Moulden:4.4,Dexter Lembikisa:8.9,Jonny:7.4,R. Ait-Nouri:5.5,Joseph Hodge:8.8,M. Lemina:7.6,Harvey Griffiths:7.4,Boubacar Traore:4.8,Nathan Fraser:8.4,S. Kalajdzic:4.6,Pedro Neto:4.5,A. Traore:9.4
