match,result,injured,yellow-card,red-card,scores
AFC Bournemouth:Brentford FC,2:5,H. Traore,,M. Roerslev,C. Plain:4.9,Jack Stacey:8.4,A. Smith:7.7,M. Vina:5.9,I. Zabarnyi:9.8,R. Christie:4.6,H. Traore:8.9,E. Pollock:9.5,J. Stanislas:5.6,Daniel Adu-Adjei:6.7,K. Moore:4.5,M. Cox:6.4,A. Hickey:4.6,P. Jansson:6.8,M. Roerslev:5.7,R. Henry:4.7,F. Stevens:4.9,S. Baptiste:6.6,O. Onyeka:6.4,T. Crama:6.5,S. Ghoddos:7.5,I. Toney:6.5,K. Lewis-Potter:7.6,B. Mbeumo:7.7,K. Schade:5.6
Brighton FC:Aston Villa,3:4,S. March,S. March,Douglas Luiz,Thomas Mcgill:6.5,Imari Samuels:6.9,L. Dunk:5.6,J. Veltman:7.5,Levi Colwill:6.6,S. March:9.5,A. Lallana:9.9,J. Moder:6.9,K. Mitoma:6.9,D. Undav:9.7,Danny Welbeck:7.5,R. Olsen:5.9,Travis Patterson:8.4,M. Cash:8.7,C. Chambers:6.4,T. Mings:7.9,Sil Swinkels:6.4,Tommi O'reilly:7.4,B. Kamara:9.4,Douglas Luiz:9.9,O. Watkins:8.9,B. Traore:8.6,L. Bailey:4.9
Chelsea FC:Arsenal FC,0:1,,Rob Holding;Fabio Vieira,,Marcus Bettinelli:4.8,C. Azpilicueta:5.8,Thiago Silva:4.4,Ben Chilwell:6.5,W. Fofana:7.4,K. Koulibaly:5.6,Harvey Vale:5.8,Carney Chukwuemeka:7.6,M. Kovacic:5.6,E. Fernandez:7.7,C. Pulisic:4.8,M. Mudryk:6.8,Joao Felix:4.7,David Fofana:5.9,M. Turner:9.6,W. Saliba:4.8,Rob Holding:4.6,Jakub Kiwior:8.7,Takehiro Tomiyasu:9.4,Gabriel Magalhaes:6.5,M. Odegaard:4.7,M. Elneny:7.4,Jorginho:7.5,Fabio Vieira:8.8,Reiss Nelson:7.5,Gabriel Jesus:8.4,Edward Nketiah:9.9,L. Trossard:6.4
Crystal Palace:Wolves,3:0,David Ozoh,Joao Moutinho,J. Ayew,Owen Goodman:7.6,Marc Guehi:4.8,J. Andersen:4.5,T. Mitchell:6.5,N. Clyne:6.5,Nathan Ferguson:6.9,David Ozoh:9.7,William Hughes:8.8,C. Doucoure:9.6,W. Zaha:6.8,O. Edouard:9.7,J. Ayew:5.9,Louie Moulden:7.6,N. Semedo:8.9,Hugo Bueno:8.5,R. Ait-Nouri:6.9,Joseph Hodge:8.9,Joao Moutinho:7.8,Ruben Neves:9.7,Joao Gomes:7.6,P. Sarabia:4.7,Nathan Fraser:8.8,Hee-Chan Hwang:6.9,A. Traore:9.4
Everton FC:West Ham United,0:2,T. Kehrer,Demarai Gray;N. Aguerd,Gnaly Cornet,A. Lonergan:4.5,J. Tarkowski:9.6,V. Mykolenko:4.5,M. Keane:9.5,B. Godfrey:4.9,Mason Holgate:9.4,A. Doucoure:9.7,A. Onana:5.9,Kyle John:6.7,Alex Iwobi:7.7,Demarai Gray:8.7,Dominic Calvert-Lewin:6.8,D. McNeil:4.9,L. Fabianski:5.5,T. Kehrer:5.6,Angelo Ogbonna:4.4,Kurt Zouma:6.6,N. Aguerd:7.7,P. Fornals:6.4,T. Soucek:8.9,Armstrong Okoflex:4.6,Kaelan Casey:7.4,Gnaly Cornet:5.8,M. Antonio:9.7,S. Benrahma:6.8
Fulham FC:Tottenham Hotspur,3:1,Cedric Soares;D. Kulusevski,R. Bentancur,F. Forster,George Wickens:8.8,S. Duffy:7.7,Antonee Robinson:8.8,Cedric Soares:5.5,T. Ream:6.9,Harrison Reed:8.8,A. Pereira:5.6,Luke Harris:8.5,N. Kebano:5.4,Vinicius:5.7,Terry Ablade:4.5,F. Forster:5.7,Japhet Tanganga:8.4,E. Dier:5.5,C. Lenglet:9.6,Pedro Porro:6.7,Emerson Royal:5.5,Oliver Skipp:6.7,R. Bentancur:8.9,Pierre-Emile Hojbjerg:7.5,Richarlison:4.5,Heung-Min Son:7.7,Lucas Moura:8.4,D. Kulusevski:6.4
Leeds United:Southampton FC,2:5,I. Meslier;G. Bazunu,Diogo Monteiro;K. Sulemana;Romeo Lavia,G. Bazunu,I. Meslier:6.9,M. Wober:7.8,Liam Cooper:7.7,Junior Firpo:4.6,Diogo Monteiro:9.8,P. Struijk:7.5,Brenden Aaronson:8.4,Archie Gray:9.8,Marc Roca:6.9,Mateo Joseph:9.8,Crysencio Summerville:6.6,Patrick Bamford:8.4,L. Sinisterra:5.7,G. Bazunu:5.7,Kyle Walker-Peters:7.6,R. Perraud:7.8,Juan Larios:6.9,M. Salisu:8.6,S. Armstrong:7.6,Romeo Lavia:4.4,Joe Aribo:9.7,J. Ward-Prowse:5.7,K. Sulemana:6.9,Che Adams:6.7,Moussa Djenepo:7.6,Sekou Mara:6.5
Leicester City:Nottingham Forest,4:5,A. Smithies;Omar Richards,K. Iheanacho;A. Smithies,R. Yates,A. Smithies:8.6,Harry Souttar:9.6,Lewis Brunt:7.4,D. Amartey:4.5,Jannik Vestergaard:5.9,V. Kristiansen:9.4,Kiernan Dewsbury-Hall:4.7,D. Praet:9.4,N. Mendy:6.7,B. Soumare:9.8,J. Vardy:6.6,Harvey Barnes:9.7,K. Iheanacho:6.6,Tete:8.7,Dean Henderson:5.8,H. Toffolo:6.9,J. Worrall:4.8,Omar Richards:7.5,S. Aurier:8.5,Giulian Biancone:8.9,Cafu:6.8,Orel Mangala:9.5,R. Yates:5.5,J. Colback:9.4,A. Ayew:9.4,Lyle Taylor:8.6,T. Awoniyi:8.6,Alexander Mighten:6.8
Liverpool FC:Newcastle United,3:4,D. Burn,J. Murphy,N. Keita;Joe Willock,Alisson:5.7,I. Konate:9.5,Joe Gomez:5.6,Alexander-Arnold:4.9,Nathaniel Phillips:5.4,H. Elliott:9.5,N. Keita:4.4,Thiago:7.4,Fabinho:7.7,C. Gakpo:6.9,D. Nunez:4.5,Diogo Jota:7.4,L. Karius:4.8,F. Schar:8.9,D. Burn:8.5,Matt Targett:7.5,Harrison Ashby:9.8,S. Botman:7.6,M. Ritchie:8.5,Joe Willock:6.5,E. Anderson:8.9,M. Almiron:9.5,A. Gordon:7.8,C. Wilson:7.9,J. Murphy:6.8
Man. City:Manchester United,4:4,Zidane Iqbal,Bernardo Silva,Nathan Bishop,S. Carson:7.9,M. Akanji:8.5,Ruben Dias:9.7,A. Laporte:4.6,J. Stones:4.6,N. Ake:7.9,Bernardo Silva:8.8,P. Foden:9.8,C. Palmer:8.8,Rodri:8.4,J. Alvarez:4.9,J. Grealish:8.6,E. Haaland:5.7,Nathan Bishop:5.9,Marc Jurado:7.4,Teden Mengi:5.9,A. Wan-Bissaka:9.8,L. Shaw:7.9,Kobbie Mainoo:5.9,Fred:8.4,C. Eriksen:5.5,Zidane Iqbal:5.5,F. Pellistri:9.4,Jadon Sancho:6.7,M. Greenwood:7.9,A. Elanga:7.7
