match,result,injured,yellow-card,red-card,scores
AFC Bournemouth:Tottenham Hotspur,4:3,R. Fredericks;D. Kulusevski,A. Smith;M. Travers;C. Romero,R. Christie,M. Travers:6.9,Jack Stacey:9.7,J. Zemura:4.4,R. Fredericks:8.7,A. Smith:9.5,E. Pollock:5.5,H. Traore:4.7,L. Cook:9.4,R. Christie:7.9,D. Sadi:4.8,Daniel Adu-Adjei:9.8,Dominic Solanke:6.8,J. Anthony:5.9,Alfie Whiteman:8.6,Pedro Porro:9.8,C. Lenglet:7.5,C. Romero:7.9,B. Davies:9.9,R. Sessegnon:8.6,Romaine Mundle:5.6,Oliver Skipp:7.5,D. Kulusevski:4.7,Lucas Moura:6.6,A. Danjuma:6.5
West Ham United:Southampton FC,0:5,,Kurt Zouma;Kyle Walker-Peters,Angelo Ogbonna;Lyanco,A. Areola:4.8,V. Coufal:6.9,A. Cresswell:4.9,Angelo Ogbonna:7.7,Kurt Zouma:9.9,B. Johnson:4.9,F. Downes:8.7,T. Soucek:5.4,P. Fornals:6.7,D. Rice:8.7,Danny Ings:9.4,G. Scamacca:5.4,J. Bowen:6.7,Gnaly Cornet:6.6,G. Bazunu:7.9,J. Bednarek:7.6,Lyanco:5.5,James Bree:6.8,Kyle Walker-Peters:8.8,Joe Aribo:7.9,S. Armstrong:9.9,Ainsley Maitland:6.8,Romeo Lavia:9.4,Adam Armstrong:4.6,K. Sulemana:5.5,Samuel Edozie:4.7
Wolves:Nottingham Forest,1:0,Ruben Neves;M. Gibbs-White,Jonny;Harvey Griffiths;Giulian Biancone;W. Hennessey,Matheus Nunes,Jose Sa:7.8,Dexter Lembikisa:9.6,Jonny:8.5,N. Semedo:4.8,Joseph Hodge:7.7,Toti Gomes:9.5,Ruben Neves:8.8,Joao Gomes:7.5,Harvey Griffiths:5.5,Matheus Nunes:9.4,P. Sarabia:4.5,D. Podence:9.8,S. Kalajdzic:8.8,W. Hennessey:5.4,S. McKenna:8.4,H. Toffolo:5.4,Giulian Biancone:6.5,Renan Lodi:5.9,H. Arter:9.4,M. Gibbs-White:4.8,J. Colback:9.6,T. Awoniyi:6.8,Alexander Mighten:4.7,Chris Wood:6.7
Arsenal FC:Newcastle United,0:3,Lino Sousa,Reiss Nelson;W. Saliba,,M. Turner:7.7,O. Zinchenko:8.9,Jakub Kiwior:4.8,W. Saliba:9.9,Lino Sousa:8.5,Jorginho:6.4,Amario Cozier:8.4,M. Odegaard:4.4,Edward Nketiah:5.6,L. Trossard:8.6,Reiss Nelson:7.7,L. Karius:8.6,Matt Targett:4.8,S. Botman:7.5,K. Trippier:6.5,P. Dummett:8.9,M. Almiron:7.8,M. Ritchie:6.6,S. Longstaff:9.8,B. Guimaraes:8.6,A. Saint-Maximin:4.8,Ryan Fraser:9.4,A. Isak:6.6,C. Wilson:6.4
Aston Villa:Manchester United,0:5,Rhys Bennett,M. Cash,Travis Patterson;Rhys Bennett,Emiliano Martinez:6.7,L. Digne:5.9,Alex Moreno:8.6,M. Cash:6.6,Travis Patterson:5.8,B. Kamara:8.6,J. Ramsey:7.4,Douglas Luiz:8.4,Tommi O'reilly:8.6,E. Buendia:5.5,L. Bailey:7.6,J. Duran:4.9,D. De Gea:8.5,R. Varane:8.6,Brandon Williams:7.6,V. Lindelof:8.9,Rhys Bennett:7.7,D. Dalot:6.7,Zidane Iqbal:8.9,C. Eriksen:9.4,D. Van De Beek:7.4,Alejandro Garnacho:9.4,F. Pellistri:7.7,M. Rashford:7.9
Brentford FC:Man. City,5:2,,K. Lewis-Potter;A. Hickey,,D. Raya:9.4,F. Stevens:8.8,Zanka:4.5,E. Pinnock:5.5,A. Hickey:5.5,M. Roerslev:8.4,S. Baptiste:6.6,Y. Yarmolyuk:4.9,M. Jensen:7.8,K. Lewis-Potter:9.9,B. Mbeumo:9.6,I. Toney:9.6,Ederson:5.7,K. Walker:4.5,S. Gomez:8.8,Ruben Dias:4.9,J. Stones:6.4,C. Palmer:6.9,Bernardo Silva:8.7,I. Gundogan:6.7,Rodri:4.9,J. Alvarez:7.6,R. Mahrez:5.4,E. Haaland:4.4,J. Grealish:9.5
Brighton FC:Liverpool FC,2:5,H. Elliott,Julio Enciso;Jeremy Sarmiento;D. Nunez,Adam Webster,R. Sanchez:9.4,Jan Van Hecke:4.6,Levi Colwill:6.7,L. Dunk:4.6,Imari Samuels:5.8,Adam Webster:7.6,Cameron Peupion:4.9,Jeremy Sarmiento:4.5,Andrew Moran:4.8,A. Lallana:5.5,D. Undav:6.8,K. Mitoma:5.5,Julio Enciso:8.7,Caoimhin Kelleher:6.7,A. Robertson:6.9,Alexander-Arnold:6.4,Nathaniel Phillips:4.4,K. Tsimikas:8.5,H. Elliott:9.9,Ben Doak:7.5,Fabinho:7.9,Fabio Carvalho:8.7,C. Gakpo:7.4,D. Nunez:9.9,M. Salah:4.6,Firmino:8.6
Chelsea FC:Leicester City,5:5,Y. Tielemans,,Mason Mount,Gabriel Slonina:4.6,B. Badiashile:9.9,M. Cucurella:8.5,W. Fofana:9.8,K. Koulibaly:6.9,Thiago Silva:4.5,Mason Mount:5.5,R. Loftus-Cheek:6.8,H. Ziyech:4.7,D. Zakaria:4.4,C. Pulisic:5.4,David Fofana:9.6,Noni Madueke:6.6,Daniel Iversen:4.9,Ryan Bertrand:6.8,D. Amartey:9.9,Lewis Brunt:9.8,Jannik Vestergaard:4.6,C. Soyuncu:8.9,J. Maddison:4.7,Y. Tielemans:8.5,D. Praet:9.4,P. Daka:7.8,Tete:9.8,K. Iheanacho:7.9
Crystal Palace:Leeds United,0:4,J. Ayew,T. Adams,,Sam Johnstone:9.8,J. Andersen:4.9,T. Mitchell:8.4,Chris Richards:7.8,J. Tomkins:8.9,J. Mcarthur:6.7,M. Olise:4.6,William Hughes:7.8,Jean Mateta:4.5,J. Ayew:5.9,O. Edouard:4.8,W. Zaha:6.8,Joel Robles:9.6,M. Wober:8.7,S. Dallas:7.4,R. Koch:6.6,Diogo Monteiro:9.8,Liam Cooper:5.8,Darko Gyabi:6.7,T. Adams:6.7,Marc Roca:5.4,Sam Greenwood:7.6,Rodrigo:5.7,Crysencio Summerville:6.4,Patrick Bamford:6.4
Everton FC:Fulham FC,3:1,Kyle John;Willian,A. Pereira,Seamus Coleman,Jordan Pickford:8.5,C. Coady:9.6,Mason Holgate:5.6,M. Keane:8.9,Seamus Coleman:8.8,V. Mykolenko:5.8,Kyle John:4.4,A. Onana:4.7,Stanley Mills:4.4,A. Doucoure:5.6,Demarai Gray:8.7,Andros Townsend:9.8,Dominic Calvert-Lewin:8.8,George Wickens:9.9,S. Duffy:9.6,Charlie Robinson:9.6,K. Tete:7.6,Stefan Parkes:9.7,A. Pereira:8.6,T. Francois:4.5,B. Reid:4.7,Harrison Reed:6.8,A. Mitrovic:6.8,M. Solomon:8.6,Willian:6.9
