match,result,injured,yellow-card,red-card,scores
Leicester City:AFC Bournemouth,2:1,V. Kristiansen;A. Smith,K. Iheanacho,K. Iheanacho;J. Stanislas,Daniel Iversen:9.8,Jonathan Evans:9.7,V. Kristiansen:9.4,L. Thomas:9.9,Ryan Bertrand:6.4,D. Amartey:9.9,B. Soumare:6.5,J. Maddison:7.6,D. Praet:4.9,Harvey Barnes:7.4,P. Daka:9.4,J. Vardy:9.6,K. Iheanacho:7.9,Neto:8.4,A. Smith:5.8,Jack Stacey:7.4,R. Fredericks:4.8,L. Kelly:8.8,E. Pollock:8.5,H. Traore:4.9,R. Christie:5.7,J. Lerma:6.7,A. Semenyo:4.9,Daniel Adu-Adjei:6.7,J. Stanislas:8.5,K. Moore:9.9
Leeds United:Liverpool FC,0:0,I. Konate,Marc Roca;J. Harrison;A. Robertson,Diogo Jota,Joel Robles:7.4,S. Dallas:7.5,R. Koch:7.5,R. Kristensen:5.6,Diogo Monteiro:7.4,Archie Gray:8.4,T. Adams:8.4,Marc Roca:5.9,Adam Forshaw:8.8,Sam Greenwood:8.4,L. Sinisterra:9.4,J. Harrison:6.9,Mateo Joseph:7.4,Alisson:9.5,A. Robertson:4.6,Joe Gomez:9.9,Rhys Williams:7.9,I. Konate:6.9,N. Keita:6.4,Bobby Clark:6.7,Fabinho:7.4,H. Elliott:8.5,Firmino:9.8,D. Nunez:4.8,Diogo Jota:6.5,M. Salah:9.6
Fulham FC:Man. City,5:5,A. Mitrovic,B. Reid;Rodri;C. Palmer,Harrison Reed,M. Rodak:7.6,Charlie Robinson:5.7,Tosin Adarabioyo:6.9,L. Kurzawa:6.5,S. Duffy:5.5,K. Tete:8.7,B. Reid:4.5,J. Palhinha:6.9,Kristian Sekularac:7.7,Harrison Reed:5.7,A. Mitrovic:9.6,Harry Wilson:8.6,Vinicius:4.7,Ederson:7.6,K. Walker:7.9,B. Mendy:5.6,S. Gomez:7.9,J. Stones:5.5,Rodri:5.9,C. Palmer:5.7,K. De Bruyne:9.6,P. Foden:4.7,R. Mahrez:5.9,J. Alvarez:7.9,Benjamin Knight:6.8
Everton FC:Manchester United,2:2,Tom Davies,Andros Townsend,Nathan Patterson;Teden Mengi,Jordan Pickford:5.9,Reece Welch:8.8,J. Tarkowski:5.4,Nathan Patterson:5.9,V. Mykolenko:4.7,Kyle John:7.8,Alex Iwobi:8.5,Stanley Mills:8.8,Tom Davies:9.4,Andros Townsend:5.5,Dominic Calvert-Lewin:9.8,D. McNeil:9.8,D. De Gea:8.9,Teden Mengi:4.8,Lisandro Martinez:7.6,V. Lindelof:7.8,D. Dalot:8.5,Casemiro:8.8,Scott Mctominay:9.9,D. Van De Beek:6.4,W. Weghorst:8.8,Jadon Sancho:9.4,A. Elanga:9.5,M. Greenwood:5.4
Crystal Palace:Newcastle United,5:2,Chris Richards,J. Andersen;S. Longstaff,C. Doucoure,Joe Whitworth:5.9,J. Andersen:8.4,Nathan Ferguson:7.9,J. Ward:6.9,Chris Richards:6.8,J. Tomkins:6.4,Jairo Riedewald:5.5,J. Mcarthur:6.5,C. Doucoure:6.4,A. Lokonga:5.5,Jean Mateta:5.8,O. Edouard:8.9,J. Ayew:7.8,L. Karius:7.6,Matt Targett:4.6,P. Dummett:8.9,K. Trippier:7.6,S. Botman:5.8,J. Lewis:8.8,M. Ritchie:6.9,Joe Willock:8.6,S. Longstaff:5.4,Joelinton:4.5,A. Gordon:6.8,J. Murphy:8.4,C. Wilson:4.9
Chelsea FC:Nottingham Forest,3:1,,C. Azpilicueta,W. Fofana;J. Lingard,Marcus Bettinelli:5.7,K. Koulibaly:7.4,M. Cucurella:9.8,C. Azpilicueta:5.8,W. Fofana:4.9,R. Loftus-Cheek:8.4,Lewis Hall:6.6,D. Zakaria:8.7,R. Sterling:7.7,C. Pulisic:5.6,Omari Hutchinson:7.8,George Shelvey:7.9,Giulian Biancone:4.8,W. Boly:6.8,S. McKenna:9.4,S. Aurier:7.4,J. Lingard:5.9,M. Gibbs-White:7.4,J. Colback:6.5,H. Arter:8.6,T. Awoniyi:8.6,B. Johnson:5.8,Lyle Taylor:5.7,E. Dennis:7.8
Brighton FC:Southampton FC,0:1,L. Dunk,Alex Mccarthy,A. Lallana,J. Steele:6.8,L. Dunk:7.9,Oddel Offiah:4.6,Adam Webster:8.4,P. Estupinan:4.4,Jan Van Hecke:6.4,Andrew Moran:9.9,A. Lallana:5.7,F. Buonanotte:4.9,S. March:6.8,Danny Welbeck:4.9,Julio Enciso:7.6,K. Mitoma:7.9,D. Undav:9.6,Alex Mccarthy:8.9,Kyle Walker-Peters:9.7,M. Salisu:5.7,James Bree:5.4,J. Bednarek:5.7,R. Perraud:5.8,Joe Aribo:8.7,Ainsley Maitland:8.5,Romeo Lavia:9.7,Moussa Djenepo:5.4,M. Orsic:9.8,Theo Walcott:5.9,P. Onuachu:9.8
Brentford FC:Tottenham Hotspur,2:0,E. Pinnock;Alfie Devine,S. Baptiste;R. Sessegnon;Richarlison,F. Stevens,M. Cox:4.4,E. Pinnock:6.8,Zanka:4.8,B. Mee:8.6,F. Stevens:7.7,S. Baptiste:9.4,C. Norgaard:5.9,V. Janelt:6.7,M. Jensen:7.7,B. Mbeumo:5.8,M. Olakigbe:6.4,I. Toney:6.6,Alfie Whiteman:9.5,B. Davies:4.8,C. Lenglet:5.6,Japhet Tanganga:9.4,Emerson Royal:7.7,Pape Sarr:7.7,R. Bentancur:7.5,Alfie Devine:6.4,R. Sessegnon:6.4,A. Danjuma:4.9,Heung-Min Son:5.7,Richarlison:7.9
Aston Villa:West Ham United,2:4,Tommi O'reilly;Divin Mubama,Angelo Ogbonna,P. Coutinho,R. Olsen:6.8,L. Digne:6.6,Travis Patterson:7.4,M. Cash:7.5,C. Chambers:8.9,Tommi O'reilly:6.8,L. Dendoncker:9.7,J. Mcginn:6.8,B. Kamara:4.9,J. Duran:5.7,O. Watkins:6.5,P. Coutinho:4.9,Kadan Young:7.8,L. Fabianski:9.5,N. Aguerd:5.7,Kurt Zouma:4.8,V. Coufal:7.7,Angelo Ogbonna:9.7,P. Fornals:6.5,Armstrong Okoflex:4.9,D. Rice:9.9,Gnaly Cornet:7.9,Divin Mubama:9.6,M. Antonio:5.8,G. Scamacca:5.6
Arsenal FC:Wolves,1:0,,Reuell Walters;B. White;D. Bentley;Pedro Neto,,Karl Hein:7.7,Takehiro Tomiyasu:7.4,B. White:7.4,Reuell Walters:7.5,Gabriel Magalhaes:7.8,Jakub Kiwior:7.9,Smith Rowe:6.8,Thomas:8.8,Jorginho:7.9,Edward Nketiah:4.5,Gabriel Jesus:4.9,Martinelli:7.4,L. Trossard:9.6,D. Bentley:8.7,Dexter Lembikisa:7.7,N. Semedo:9.5,Hugo Bueno:5.9,C. Dawson:5.8,Joao Moutinho:5.4,Ruben Neves:6.7,Matheus Nunes:8.4,Joao Gomes:6.4,Pedro Neto:7.5,A. Traore:6.6,Matheus Cunha:8.4,R. Jimenez:9.8
