match,result,injured,yellow-card,red-card,scores
Fulham FC:AFC Bournemouth,5:3,,Willian;B. Reid,Jack Stephens,B. Leno:8.6,I. Diop:5.5,T. Ream:6.4,Stefan Parkes:9.9,Cedric Soares:9.8,T. Francois:9.9,B. Reid:8.8,J. Palhinha:7.6,Kristian Sekularac:5.8,A. Mitrovic:8.7,Martial Godo:6.5,Willian:8.9,C. Plain:9.6,M. Senesi:7.4,C. Mepham:7.6,A. Smith:7.4,Jack Stephens:5.6,Joe Rothwell:7.7,E. Pollock:8.6,P. Billing:4.4,A. Semenyo:7.8,D. Sadi:7.4,Michael Dacosta:6.8
Everton FC:Leeds United,1:2,,Gnonto;S. Dallas,Andros Townsend;Gnonto,A. Lonergan:6.9,V. Mykolenko:9.5,Ruben Vinagre:5.4,Ishe Samuels:7.6,Y. Mina:9.5,Kyle John:9.5,Stanley Mills:4.4,A. Doucoure:8.9,Dominic Calvert-Lewin:4.6,Demarai Gray:5.4,Andros Townsend:8.5,Kristoffer Klaesson:6.9,Liam Cooper:6.5,Luke Ayling:4.5,S. Dallas:6.8,Diogo Monteiro:5.5,Marc Roca:8.4,W. Mckennie:5.6,T. Adams:9.7,Gnonto:6.5,Georginio Rutter:5.5,Patrick Bamford:4.8
Crystal Palace:Leicester City,3:2,Kayden Rodney,W. Zaha;O. Edouard;N. Mendy;J. Justin,Chris Richards,Joe Whitworth:4.4,Kayden Rodney:4.9,J. Tomkins:4.7,Chris Richards:7.9,N. Clyne:8.9,Jeffrey Schlupp:4.9,A. Lokonga:5.7,E. Eze:9.5,William Hughes:4.8,W. Zaha:7.8,Jean Mateta:6.9,O. Edouard:7.4,J. Ayew:4.7,D. Ward:9.9,J. Justin:6.8,D. Amartey:9.4,Ricardo Pereira:5.9,Jannik Vestergaard:4.4,V. Kristiansen:9.4,N. Mendy:4.8,Kiernan Dewsbury-Hall:4.8,B. Soumare:9.9,J. Maddison:6.6,K. Iheanacho:9.7,P. Daka:7.9,Tete:6.5,Harvey Barnes:6.8
Chelsea FC:Liverpool FC,1:0,,David Fofana;M. Kovacic,,E. Mendy:6.5,W. Fofana:9.9,Trevoh Chalobah:8.8,B. Badiashile:5.6,C. Azpilicueta:4.9,M. Cucurella:8.7,N. Kante:5.7,M. Kovacic:7.4,Harvey Vale:5.4,R. Loftus-Cheek:8.6,Noni Madueke:6.7,M. Mudryk:7.6,David Fofana:9.7,Caoimhin Kelleher:5.7,K. Tsimikas:8.9,Nathaniel Phillips:6.4,Joe Gomez:9.7,J. Matip:8.8,Alexander-Arnold:5.6,N. Keita:7.8,Stefan Bajcetic:7.9,J. Milner:5.7,Thiago:4.9,L. Diaz:8.4,D. Nunez:9.8,Firmino:4.4
Brighton FC:Man. City,0:0,Adam Webster;S. Ortega,R. Sanchez;R. Mahrez,Rico Lewis,R. Sanchez:7.6,J. Veltman:7.5,Jan Van Hecke:5.9,Adam Webster:9.7,T. Lamptey:7.8,Andrew Moran:5.8,Moises Caicedo:8.7,Yasin Ayari:8.7,K. Mitoma:7.4,Julio Enciso:8.4,D. Undav:4.9,S. Ortega:7.8,J. Stones:5.7,S. Gomez:6.4,Ruben Dias:4.5,B. Mendy:8.9,Rico Lewis:4.7,P. Foden:5.9,Bernardo Silva:5.6,K. De Bruyne:6.9,J. Grealish:4.4,R. Mahrez:8.4,E. Haaland:8.9
Brentford FC:Manchester United,5:2,,Y. Wissa;Phil Jones;J. Butland,,T. Strakosha:5.9,B. Mee:6.9,F. Stevens:9.7,P. Jansson:7.9,A. Hickey:4.5,C. Norgaard:4.9,Y. Yarmolyuk:7.8,Josh Dasilva:9.5,B. Mbeumo:7.7,K. Schade:7.9,M. Olakigbe:8.6,Y. Wissa:9.4,J. Butland:9.9,L. Shaw:5.5,Phil Jones:8.4,V. Lindelof:4.7,H. Maguire:8.5,Scott Mctominay:9.4,Kobbie Mainoo:9.5,D. Van De Beek:8.8,F. Pellistri:8.6,A. Elanga:5.6,M. Rashford:9.8
Aston Villa:Newcastle United,0:5,B. Kamara;J. Lewis,J. Duran;L. Dendoncker;C. Wilson;E. Krafth,L. Dendoncker,Viljami Sinisalo:4.7,M. Cash:4.7,Diego Carlos:9.8,T. Mings:4.8,L. Digne:6.8,B. Kamara:8.4,J. Ramsey:4.6,L. Dendoncker:8.6,J. Mcginn:8.8,B. Traore:5.5,J. Duran:6.5,E. Buendia:7.5,Kadan Young:4.8,Nick Pope:5.5,E. Krafth:5.7,F. Schar:9.7,J. Lewis:6.8,Harrison Ashby:8.6,Joe Willock:4.4,S. Longstaff:8.9,M. Almiron:7.7,E. Anderson:5.9,C. Wilson:9.8,A. Gordon:4.6,A. Saint-Maximin:8.6
Arsenal FC:Nottingham Forest,2:2,S. McKenna,Matthew Smith;Lino Sousa,Lino Sousa,M. Turner:6.8,Matthew Smith:5.6,Jakub Kiwior:8.8,W. Saliba:5.4,Lino Sousa:7.4,Reuell Walters:8.9,B. Saka:9.7,Jorginho:8.4,G. Xhaka:9.8,Edward Nketiah:9.5,Martinelli:8.8,Reiss Nelson:6.7,L. Trossard:9.9,Keylor Navas:4.7,S. McKenna:4.9,J. Worrall:9.4,N. Williams:5.6,Giulian Biancone:5.5,R. Yates:7.9,M. Gibbs-White:6.6,Gustavo Scarpa:7.5,Chris Wood:6.4,A. Ayew:9.5,S. Surridge:8.7
Wolves:Southampton FC,4:0,Moussa Djenepo,Matheus Nunes,,Jose Sa:5.8,N. Collins:7.7,Dexter Lembikisa:4.8,M. Kilman:6.7,N. Semedo:8.6,Jonny:6.6,Ruben Neves:8.9,Joao Moutinho:8.8,Matheus Nunes:7.4,Harvey Griffiths:9.5,A. Traore:8.4,P. Sarabia:7.5,Hee-Chan Hwang:6.7,G. Bazunu:5.4,D. Caleta-Car:7.8,Lyanco:7.6,James Bree:7.8,Kyle Walker-Peters:5.9,Joe Aribo:7.5,C. Alcaraz:9.6,Ainsley Maitland:5.7,Samuel Edozie:8.9,M. Elyounoussi:8.6,Sekou Mara:5.7,Moussa Djenepo:4.8
West Ham United:Tottenham Hotspur,4:3,Pierre-Emile Hojbjerg,Emerson,Pierre-Emile Hojbjerg,L. Fabianski:4.4,A. Cresswell:6.4,V. Coufal:5.5,T. Kehrer:9.4,Kurt Zouma:5.5,Emerson:9.9,Armstrong Okoflex:6.9,D. Rice:5.4,L. Paqueta:5.9,Kaelan Casey:4.7,S. Benrahma:7.4,G. Scamacca:9.8,Divin Mubama:8.6,Danny Ings:5.6,F. Forster:9.7,C. Romero:5.9,Emerson Royal:5.8,Pedro Porro:4.4,B. Davies:4.7,Pierre-Emile Hojbjerg:9.8,Matthew Craig:8.8,R. Sessegnon:4.4,Richarlison:6.7,Lucas Moura:4.5,H. Kane:6.4
