match,result,injured,yellow-card,red-card,scores
Crystal Palace:AFC Bournemouth,3:1,L. Cook,Jeffrey Schlupp;E. Eze;Joe Rothwell;J. Anthony,K. Moore,Joe Whitworth:6.9,N. Clyne:6.9,J. Ward:5.7,Marc Guehi:5.9,Chris Richards:8.7,Jeffrey Schlupp:8.4,Jairo Riedewald:9.4,E. Eze:4.6,W. Zaha:8.9,Jean Mateta:5.5,J. Ayew:8.8,O. Edouard:5.4,Neto:6.8,Jack Stephens:8.7,J. Zemura:4.4,R. Fredericks:8.7,L. Kelly:9.4,M. Vina:8.9,J. Lerma:9.6,H. Traore:6.5,Joe Rothwell:8.9,L. Cook:5.8,Michael Dacosta:6.7,J. Stanislas:4.7,K. Moore:9.6,J. Anthony:7.9
Chelsea FC:Everton FC,4:4,,R. Sterling;Marcus Bettinelli,,Marcus Bettinelli:4.5,M. Cucurella:8.5,C. Azpilicueta:9.5,Trevoh Chalobah:9.4,K. Koulibaly:6.9,B. Badiashile:8.9,K. Havertz:6.8,Mason Mount:5.5,Lewis Hall:8.7,Noni Madueke:8.7,M. Mudryk:6.6,R. Sterling:7.7,A. Lonergan:7.6,C. Coady:8.8,J. Tarkowski:4.8,Mason Holgate:9.9,Seamus Coleman:6.9,Tom Davies:8.4,A. Doucoure:8.5,I. Gueye:5.9,Isaac Price:9.6,Andros Townsend:6.8,Dominic Calvert-Lewin:7.4,N. Maupay:7.5
Brighton FC:Fulham FC,2:4,Oddel Offiah;B. Reid,Thomas Mcgill;T. Lamptey;Daniel James,Luke Harris,Thomas Mcgill:6.8,L. Dunk:7.4,Jan Van Hecke:4.4,Levi Colwill:9.7,Oddel Offiah:6.4,T. Lamptey:9.7,F. Buonanotte:8.6,Cameron Peupion:5.5,Moises Caicedo:9.8,Danny Welbeck:5.9,Evan Ferguson:6.8,D. Undav:7.4,B. Leno:5.6,Antonee Robinson:8.9,K. Tete:9.5,S. Duffy:7.4,Tosin Adarabioyo:9.8,B. Reid:5.8,Matthew Dibley:8.8,Luke Harris:5.6,Kristian Sekularac:4.5,Martial Godo:9.9,A. Mitrovic:4.5,Daniel James:6.5
Brentford FC:Leeds United,2:4,M. Cox,M. Jensen,M. Damsgaard;Adam Forshaw,M. Cox:5.5,M. Roerslev:5.6,B. Mee:6.5,Zanka:6.4,A. Hickey:5.6,R. Henry:8.8,Y. Yarmolyuk:7.9,M. Jensen:4.9,S. Ghoddos:7.7,B. Mbeumo:4.9,M. Damsgaard:4.6,K. Lewis-Potter:9.9,I. Meslier:7.7,S. Dallas:7.8,R. Kristensen:5.9,R. Koch:7.6,P. Struijk:7.6,Adam Forshaw:4.4,Darko Gyabi:8.8,Brenden Aaronson:9.6,W. Mckennie:7.5,Patrick Bamford:8.5,Crysencio Summerville:9.7,Rodrigo:4.4,L. Sinisterra:9.8
Aston Villa:Leicester City,2:3,,J. Vardy,,J. Steer:9.6,Travis Patterson:9.9,C. Chambers:6.6,M. Cash:7.6,L. Digne:8.4,Alex Moreno:9.7,Douglas Luiz:8.5,J. Mcginn:7.7,B. Kamara:6.7,L. Dendoncker:7.6,E. Buendia:4.4,J. Duran:4.5,L. Bailey:4.8,O. Watkins:9.6,A. Smithies:4.7,Ricardo Pereira:6.7,Ryan Bertrand:7.6,Jannik Vestergaard:5.7,J. Justin:6.4,D. Amartey:8.8,Sammy Braybrooke:6.7,B. Soumare:7.8,Kiernan Dewsbury-Hall:7.7,P. Daka:6.8,J. Vardy:7.6,Tete:8.7
Arsenal FC:Liverpool FC,1:2,,G. Xhaka,O. Zinchenko,A. Ramsdale:7.8,Gabriel Magalhaes:7.7,O. Zinchenko:7.9,Reuell Walters:6.6,Matthew Smith:4.5,W. Saliba:9.7,Amario Cozier:5.4,Jorginho:8.9,G. Xhaka:5.6,Edward Nketiah:6.9,Martinelli:4.7,Gabriel Jesus:4.6,Alisson:5.7,V. Van Dijk:9.4,K. Tsimikas:4.7,Calvin Ramsay:6.8,Alexander-Arnold:5.8,A. Oxlade-Chamberlain:5.7,Thiago:4.4,Fabio Carvalho:6.8,Ben Doak:7.4,M. Salah:6.4,C. Gakpo:9.4,L. Diaz:6.4
Wolves:Man. City,3:2,C. Palmer,A. Laporte;M. Akanji,Diego Costa,Louie Moulden:4.5,Toti Gomes:6.8,Dexter Lembikisa:6.9,M. Kilman:4.8,Joseph Hodge:9.4,Matheus Nunes:9.8,M. Lemina:6.6,Harvey Griffiths:5.6,Pedro Neto:9.4,Chiquinho:7.6,Diego Costa:5.9,S. Ortega:4.7,M. Akanji:4.4,A. Laporte:9.8,S. Gomez:5.9,Ruben Dias:5.5,C. Palmer:6.4,K. De Bruyne:7.6,P. Foden:7.6,Rodri:8.5,Benjamin Knight:6.5,J. Grealish:8.5,E. Haaland:7.8
West Ham United:Manchester United,3:0,P. Fornals,Emerson;Armstrong Okoflex;C. Eriksen;Phil Jones,A. Cresswell,L. Fabianski:9.8,A. Cresswell:6.9,V. Coufal:5.5,Emerson:7.8,B. Johnson:5.6,Armstrong Okoflex:5.9,Kaelan Casey:8.4,P. Fornals:5.5,M. Lanzini:9.9,J. Bowen:4.9,Divin Mubama:6.9,G. Scamacca:9.4,Nathan Bishop:8.5,V. Lindelof:6.4,Marc Jurado:4.6,D. Dalot:8.6,A. Wan-Bissaka:6.4,Phil Jones:7.5,Fred:8.8,C. Eriksen:8.9,Bruno Fernandes:5.7,A. Elanga:5.4,A. Martial:8.5,M. Greenwood:5.6,F. Pellistri:7.5
Tottenham Hotspur:Newcastle United,4:1,D. Kulusevski,A. Saint-Maximin;E. Anderson,Y. Bissouma,F. Forster:4.8,C. Lenglet:7.6,Emerson Royal:9.9,E. Dier:8.8,Japhet Tanganga:6.7,Y. Bissouma:6.7,Matthew Craig:8.4,I. Perisic:5.6,Romaine Mundle:6.8,Heung-Min Son:5.5,D. Kulusevski:4.4,Richarlison:6.4,L. Karius:7.8,J. Lewis:7.6,Harrison Ashby:6.9,E. Krafth:9.4,S. Botman:5.8,M. Ritchie:6.5,M. Almiron:8.9,B. Guimaraes:6.6,E. Anderson:5.4,Ryan Fraser:9.7,C. Wilson:9.5,A. Saint-Maximin:8.7
Southampton FC:Nottingham Forest,3:2,,Joe Aribo;Cafu;H. Arter,M. Niakhate,Alex Mccarthy:6.4,Lyanco:6.9,Kyle Walker-Peters:9.5,A. Bella-Kotchap:9.6,M. Salisu:9.8,Joe Aribo:4.8,C. Alcaraz:5.5,Ainsley Maitland:7.7,Samuel Edozie:7.5,P. Onuachu:8.5,Che Adams:7.5,W. Hennessey:9.9,M. Niakhate:8.6,Giulian Biancone:7.4,S. Aurier:9.9,Renan Lodi:5.9,H. Arter:7.8,Cafu:6.6,J. Lingard:9.9,Alexander Mighten:9.9,Chris Wood:8.5,S. Surridge:4.8,A. Ayew:6.5
