match,result,injured,yellow-card,red-card,scores
Aston Villa:AFC Bournemouth,2:5,L. Bailey,C. Mepham,L. Kelly,Oliwier Zych:4.9,Diego Carlos:6.4,T. Mings:9.7,C. Chambers:7.4,Sil Swinkels:5.6,Alex Moreno:6.8,Douglas Luiz:9.8,J. Mcginn:9.4,L. Dendoncker:9.9,B. Traore:5.8,Kadan Young:6.9,L. Bailey:5.7,O. Watkins:7.9,Neto:6.5,L. Kelly:8.5,I. Zabarnyi:4.8,Jack Stacey:5.6,A. Smith:6.9,C. Mepham:5.8,H. Traore:5.8,R. Christie:8.5,E. Pollock:9.8,Daniel Adu-Adjei:4.4,D. Brooks:9.8,K. Moore:7.6,J. Anthony:6.4
Arsenal FC:Brentford FC,3:4,,,Matthew Smith;S. Baptiste,M. Turner:5.7,K. Tierney:9.4,W. Saliba:8.9,Matthew Smith:5.6,Gabriel Magalhaes:4.7,Thomas:7.6,Smith Rowe:9.7,Fabio Vieira:5.8,Jorginho:7.7,Reiss Nelson:6.8,Martinelli:9.8,Edward Nketiah:9.9,Gabriel Jesus:8.9,T. Strakosha:4.8,B. Mee:8.4,P. Jansson:9.6,R. Henry:5.7,K. Ajer:9.5,M. Jensen:4.7,S. Baptiste:5.8,S. Ghoddos:9.8,Y. Yarmolyuk:7.9,Y. Wissa:8.9,I. Toney:4.9,M. Olakigbe:4.9
Wolves:Brighton FC,3:5,K. Mitoma,,,Jose Sa:9.5,Toti Gomes:8.9,R. Ait-Nouri:5.8,Joseph Hodge:9.9,Hugo Bueno:5.4,Dexter Lembikisa:4.4,M. Lemina:7.6,Joao Moutinho:8.8,Ruben Neves:4.4,Nathan Fraser:9.6,Pedro Neto:5.9,Hee-Chan Hwang:9.5,R. Jimenez:6.6,R. Sanchez:4.4,T. Lamptey:5.5,Jan Van Hecke:4.5,P. Estupinan:7.5,Oddel Offiah:5.7,Imari Samuels:8.7,Yasin Ayari:4.8,Andrew Moran:9.6,Moises Caicedo:6.8,Julio Enciso:8.9,K. Mitoma:7.9,Evan Ferguson:6.9,D. Undav:8.5
West Ham United:Chelsea FC,3:0,V. Coufal;Marcus Bettinelli,A. Areola;Omari Hutchinson;K. Havertz,,A. Areola:6.6,T. Kehrer:8.4,Emerson:9.9,A. Cresswell:4.6,V. Coufal:8.7,D. Rice:4.5,T. Soucek:7.9,F. Downes:7.9,S. Benrahma:8.4,Gnaly Cornet:9.7,J. Bowen:4.8,Divin Mubama:6.9,Marcus Bettinelli:4.9,Trevoh Chalobah:8.5,Thiago Silva:8.4,B. Badiashile:8.9,C. Azpilicueta:5.9,Mason Mount:6.8,K. Havertz:4.6,Harvey Vale:7.6,Lewis Hall:8.6,Omari Hutchinson:7.7,R. Sterling:6.9,Joao Felix:4.7,Noni Madueke:7.6
Tottenham Hotspur:Crystal Palace,4:0,E. Dier,D. Kulusevski;F. Forster;J. Tomkins,W. Zaha,F. Forster:4.5,C. Lenglet:6.9,George Abbott:5.6,Emerson Royal:9.5,E. Dier:9.7,Pape Sarr:4.9,Romaine Mundle:7.5,Alfie Devine:4.9,H. Kane:4.5,A. Danjuma:4.8,D. Kulusevski:6.8,Joe Whitworth:8.9,T. Mitchell:5.5,Chris Richards:5.4,Marc Guehi:5.8,J. Tomkins:8.6,David Ozoh:9.8,C. Doucoure:7.6,M. Olise:9.9,Jean Mateta:4.4,J. Ayew:8.7,W. Zaha:9.6,O. Edouard:7.8
Southampton FC:Everton FC,2:1,Samuel Edozie,C. Alcaraz;W. Caballero,J. Bednarek;Seamus Coleman,W. Caballero:8.7,J. Bednarek:4.8,D. Caleta-Car:4.4,Tino Livramento:8.4,Kyle Walker-Peters:4.9,J. Ward-Prowse:5.6,C. Alcaraz:7.5,Ibrahima Diallo:7.5,Ainsley Maitland:7.5,M. Orsic:4.4,Samuel Edozie:7.7,M. Elyounoussi:9.7,Jordan Pickford:9.8,C. Coady:5.5,Nathan Patterson:4.4,Seamus Coleman:4.4,B. Godfrey:6.8,Ruben Vinagre:6.8,A. Doucoure:8.9,Kyle John:7.8,Stanley Mills:9.4,D. McNeil:9.9,Demarai Gray:5.7,N. Maupay:5.7
Nottingham Forest:Fulham FC,5:2,H. Arter;Charlie Robinson,J. Lingard;H. Toffolo,H. Toffolo,W. Hennessey:4.9,M. Niakhate:4.7,S. McKenna:7.8,J. Worrall:9.5,H. Toffolo:6.4,J. Lingard:7.4,R. Freuler:5.5,H. Arter:6.4,B. Johnson:4.5,T. Awoniyi:9.9,E. Dennis:6.7,M. Rodak:5.7,Tosin Adarabioyo:6.5,Stefan Parkes:4.9,Charlie Robinson:5.6,I. Diop:8.5,T. Francois:6.9,S. Lukic:5.6,B. Reid:4.6,Luke Harris:7.8,N. Kebano:8.6,Willian:9.7,M. Solomon:8.5,Harry Wilson:5.9
Newcastle United:Leeds United,1:4,P. Struijk,A. Isak;Junior Firpo,L. Sinisterra,L. Karius:9.5,K. Trippier:5.8,D. Burn:4.9,S. Botman:8.7,P. Dummett:7.8,J. Lascelles:7.9,E. Anderson:7.7,M. Almiron:5.9,M. Ritchie:4.7,A. Isak:4.8,J. Murphy:6.6,C. Wilson:8.9,A. Saint-Maximin:4.7,I. Meslier:5.5,R. Kristensen:4.4,Junior Firpo:7.7,P. Struijk:9.5,M. Wober:8.7,Archie Gray:9.7,W. Mckennie:4.4,Adam Forshaw:4.9,Marc Roca:4.9,L. Sinisterra:5.5,Sam Greenwood:7.7,Patrick Bamford:5.7
Manchester United:Leicester City,3:0,,,,D. De Gea:4.6,Rhys Bennett:5.8,Phil Jones:8.4,Teden Mengi:9.5,V. Lindelof:9.8,L. Shaw:8.8,Fred:4.7,Scott Mctominay:9.7,Bruno Fernandes:4.7,M. Greenwood:9.8,F. Pellistri:6.5,Antony:5.9,A. Smithies:5.4,T. Castagne:8.6,C. Soyuncu:8.5,Ryan Bertrand:5.5,V. Kristiansen:7.5,W. Ndidi:8.9,N. Mendy:7.4,Y. Tielemans:5.4,J. Maddison:8.9,J. Vardy:4.9,Harvey Barnes:9.9,P. Daka:9.9
Man. City:Liverpool FC,5:5,S. Gomez;Calvin Ramsay,Calvin Ramsay,Benjamin Knight,Ederson:4.4,B. Mendy:6.6,Rico Lewis:7.5,M. Akanji:6.8,S. Gomez:6.7,J. Stones:4.5,I. Gundogan:9.8,C. Palmer:9.7,P. Foden:8.5,K. De Bruyne:7.6,R. Mahrez:8.6,Benjamin Knight:4.5,E. Haaland:5.9,Adrian:5.5,Alexander-Arnold:4.9,Rhys Williams:5.5,Calvin Ramsay:4.9,I. Konate:9.6,Ben Doak:8.5,J. Milner:4.5,H. Elliott:7.5,Diogo Jota:9.6,M. Salah:7.8,L. Diaz:9.5,C. Gakpo:7.5
