match,result,injured,yellow-card,red-card,scores
West Ham United:AFC Bournemouth,4:2,Armstrong Okoflex;P. Billing,D. Ouattara;P. Billing,,Joseph Anang:7.7,Angelo Ogbonna:7.7,Kurt Zouma:6.5,Emerson:7.7,B. Johnson:9.5,T. Soucek:7.6,Armstrong Okoflex:5.9,L. Paqueta:8.4,S. Benrahma:6.8,M. Antonio:7.5,G. Scamacca:9.9,M. Travers:6.8,I. Zabarnyi:5.5,R. Fredericks:5.7,J. Zemura:6.5,C. Mepham:8.6,P. Billing:4.9,H. Traore:7.4,R. Christie:8.4,Dominic Solanke:5.5,D. Sadi:5.4,D. Ouattara:7.5,K. Moore:4.7
Tottenham Hotspur:Wolves,1:5,George Abbott;R. Jimenez,R. Jimenez,,Brandon Austin:9.7,B. Davies:4.4,E. Dier:5.7,D. Sanchez:7.8,George Abbott:6.8,Romaine Mundle:4.7,I. Perisic:6.4,R. Sessegnon:6.5,Heung-Min Son:6.9,Lucas Moura:8.4,H. Kane:5.8,A. Danjuma:6.4,Jose Sa:4.4,Hugo Bueno:5.6,C. Dawson:4.7,N. Semedo:9.4,M. Kilman:4.7,Matheus Nunes:5.7,Harvey Griffiths:4.9,Joao Moutinho:7.8,M. Lemina:8.9,Matheus Cunha:7.7,R. Jimenez:4.6,Pedro Neto:5.8,Diego Costa:7.4
Southampton FC:Arsenal FC,4:2,D. Caleta-Car,A. Bella-Kotchap;Adam Armstrong,Theo Walcott;Gabriel Magalhaes,G. Bazunu:5.6,R. Perraud:7.4,A. Bella-Kotchap:5.6,James Bree:4.4,D. Caleta-Car:8.9,Romeo Lavia:9.6,J. Ward-Prowse:9.6,Ibrahima Diallo:4.5,Ainsley Maitland:8.5,Moussa Djenepo:8.6,Adam Armstrong:5.6,Theo Walcott:7.6,Karl Hein:9.9,B. White:9.6,W. Saliba:4.9,Matthew Smith:4.7,Gabriel Magalhaes:9.8,Rob Holding:5.9,M. Odegaard:6.5,G. Xhaka:9.8,Ethan Nwaneri:6.5,L. Trossard:8.7,Reiss Nelson:7.8,Edward Nketiah:8.4
Nottingham Forest:Aston Villa,4:3,,Omar Richards;W. Boly;Travis Patterson,,George Shelvey:4.4,S. Cook:6.8,J. Worrall:6.8,W. Boly:6.5,Omar Richards:5.9,Orel Mangala:6.8,R. Yates:8.7,Cafu:4.6,B. Johnson:4.7,Lyle Taylor:8.8,Chris Wood:6.8,J. Steer:8.5,Diego Carlos:8.7,Sebastian Revan:6.4,Travis Patterson:8.9,T. Mings:8.4,B. Kamara:6.4,L. Dendoncker:9.9,J. Mcginn:5.6,J. Duran:7.6,E. Buendia:6.9,B. Traore:9.9
Newcastle United:Brentford FC,1:1,F. Stevens,Joe Willock;M. Damsgaard,Matthew Longstaff,Nick Pope:9.4,Harrison Ashby:5.7,K. Trippier:8.4,J. Lascelles:9.8,D. Burn:7.9,J. Manquillo:8.8,Joe Willock:5.5,M. Ritchie:6.4,S. Longstaff:6.6,Matthew Longstaff:9.6,A. Saint-Maximin:8.4,A. Isak:6.4,C. Wilson:9.7,M. Cox:5.7,K. Ajer:9.8,Zanka:4.4,R. Henry:7.6,F. Stevens:5.9,P. Jansson:7.4,Y. Yarmolyuk:7.8,C. Norgaard:8.9,S. Baptiste:9.5,I. Toney:7.8,M. Damsgaard:9.5,K. Lewis-Potter:8.7
Manchester United:Brighton FC,1:1,Fred,C. Eriksen;K. Mitoma,V. Lindelof,D. De Gea:9.9,L. Shaw:4.6,V. Lindelof:8.4,Teden Mengi:5.8,Rhys Bennett:9.6,C. Eriksen:8.9,Zidane Iqbal:4.6,Fred:5.7,M. Rashford:6.7,F. Pellistri:7.6,Alejandro Garnacho:8.8,Jadon Sancho:7.7,Thomas Mcgill:7.5,Oddel Offiah:5.4,P. Estupinan:5.6,Jan Van Hecke:7.8,Levi Colwill:8.7,P. Gross:6.6,Moises Caicedo:7.5,J. Moder:7.7,D. Undav:8.5,Evan Ferguson:4.6,K. Mitoma:8.9,Julio Enciso:5.7
Man. City:Chelsea FC,2:2,Maximo Perrone,S. Carson;David Fofana,C. Pulisic,S. Carson:7.9,Rico Lewis:9.4,N. Ake:5.9,M. Akanji:8.6,Ruben Dias:7.9,K. Walker:7.9,Maximo Perrone:7.6,C. Palmer:4.8,K. Phillips:7.5,I. Gundogan:4.9,E. Haaland:9.4,R. Mahrez:4.9,Benjamin Knight:7.4,E. Mendy:7.4,Trevoh Chalobah:5.4,M. Cucurella:4.7,Thiago Silva:4.7,C. Azpilicueta:8.4,W. Fofana:4.6,E. Fernandez:5.5,M. Kovacic:7.8,K. Havertz:6.5,C. Pulisic:5.7,David Fofana:6.4,Noni Madueke:4.4,M. Mudryk:9.4
Liverpool FC:Crystal Palace,2:5,,V. Van Dijk;Thiago;E. Eze;C. Doucoure,Alexander-Arnold,Adrian:5.4,V. Van Dijk:7.5,Calvin Ramsay:4.4,Alexander-Arnold:7.4,Nathaniel Phillips:9.7,J. Matip:5.4,H. Elliott:7.6,Thiago:5.7,Fabinho:6.5,Arthur Henrique:4.6,L. Diaz:8.7,C. Gakpo:5.9,M. Salah:4.8,Firmino:4.7,Sam Johnstone:6.4,J. Ward:4.8,Nathan Ferguson:4.7,T. Mitchell:6.9,Kofi Balmer:9.7,Marc Guehi:4.8,C. Doucoure:7.6,M. Olise:9.9,E. Eze:4.4,Jairo Riedewald:8.9,O. Edouard:9.9,W. Zaha:9.6,J. Ayew:8.6
Leicester City:Everton FC,2:0,A. Doucoure,D. Amartey;W. Faes;A. Onana;D. McNeil,,Daniel Iversen:6.7,T. Castagne:8.4,Jannik Vestergaard:5.5,W. Faes:7.5,Harry Souttar:7.8,D. Amartey:5.7,J. Maddison:5.5,N. Mendy:9.7,D. Praet:8.6,Harvey Barnes:6.7,P. Daka:6.9,J. Vardy:4.5,Tete:5.5,A. Begovic:5.5,Y. Mina:5.7,Ruben Vinagre:6.6,Ishe Samuels:9.9,C. Coady:6.8,A. Doucoure:8.6,Tom Davies:8.4,A. Onana:6.5,N. Maupay:9.8,D. McNeil:7.9,Andros Townsend:6.6
Leeds United:Fulham FC,1:2,T. Adams;S. Lukic,R. Kristensen,,Joel Robles:5.5,Junior Firpo:5.9,P. Struijk:6.7,R. Kristensen:5.7,M. Wober:8.5,Diogo Monteiro:9.6,T. Adams:8.5,Darko Gyabi:5.6,Brenden Aaronson:9.8,Mateo Joseph:4.6,Georginio Rutter:9.9,Sonny Perkins:7.6,L. Sinisterra:7.7,George Wickens:9.9,T. Ream:9.8,Tosin Adarabioyo:5.9,Cedric Soares:6.7,K. Tete:9.8,A. Pereira:7.7,Luke Harris:4.9,S. Lukic:5.7,Matthew Dibley:7.6,Martial Godo:6.4,A. Mitrovic:9.5,Willian:9.5
